term_code,term,course_id,course_number,professor,total_students,AP,A,AM,BP,B,BM,CP,C,CM,DP,D,DM,F,A_count,B_count,C_count,D_count,F_count,avg_gpa
201501,Fall 2015,CIS 110,110,"Hennessy, Michael Shane",169,17,47,11,12,47,4,3,19,4,0,3,1,1,75,63,26,4,1,3.216
201501,Fall 2015,CIS 111,111,"Hennessy, Michael Shane",88,19,23,5,5,20,3,2,6,4,0,1,0,0,47,28,12,1,0,3.358
201501,Fall 2015,CIS 111,111,"Holleran, Pat",96,1,17,10,0,32,11,0,10,4,0,4,1,6,28,43,14,5,6,2.773
201501,Fall 2015,CIS 122,122,"Wilkins, David A",128,10,34,19,6,20,12,6,10,2,0,4,2,3,63,38,18,6,3,3.134
201501,Fall 2015,CIS 210,210,"Sventek, Joseph Sherman",109,1,6,10,8,17,20,20,8,8,4,2,1,4,17,45,36,7,4,2.568
201501,Fall 2015,CIS 212,212,"Wills, Eric David",83,6,18,15,11,11,8,4,1,0,1,2,2,4,39,30,5,5,4,3.112
201501,Fall 2015,CIS 313,313,"Lowd, Daniel Baruch",62,0,11,8,6,12,9,7,5,0,1,1,1,1,19,27,12,3,1,2.948
201501,Fall 2015,CIS 314,314,"Kinsy, Michel Ako",75,8,27,7,6,7,5,1,5,0,0,6,0,3,42,18,6,6,3,3.18
201501,Fall 2015,CIS 399,399,"Young, Michal Terry",24,2,6,0,1,7,0,0,5,0,0,0,0,3,8,8,5,0,3,2.762
201501,Fall 2015,CIS 410,410,"Augustine, Charles Martel",10,1,2,0,0,1,4,0,1,1,0,0,0,0,3,5,2,0,0,2.95
201501,Fall 2015,CIS 410,410,"Childs, Henry Roberts",21,3,6,4,2,1,2,1,2,0,0,0,0,0,13,5,3,0,0,3.433
201501,Fall 2015,CIS 415,415,"Malony, Allen",64,0,7,5,5,10,5,5,10,9,3,1,3,1,12,20,24,7,1,2.505
201501,Fall 2015,CIS 420,420,"Wilson, Christopher",26,1,6,1,2,5,6,1,3,1,0,0,0,0,8,13,5,0,0,3.058
201501,Fall 2015,CIS 422,422,"Faulk, Stuart",31,0,1,6,10,4,4,1,3,1,0,0,0,1,7,18,5,0,1,2.968
201501,Fall 2015,CIS 432,432,"Rejaie, Reza",22,2,4,2,5,2,2,3,1,0,0,1,0,0,8,9,4,1,0,3.145
201501,Fall 2015,CIS 443,443,"Hornof, Anthony J",17,0,1,4,1,6,2,1,1,0,0,1,0,0,5,9,2,1,0,2.988
201501,Fall 2015,CIS 451,451,"Wilson, Christopher",43,3,18,5,3,9,1,1,2,1,0,0,0,0,26,13,4,0,0,3.491
201501,Fall 2015,CIS 471,471,"Dou, Dejing",20,1,7,1,3,3,1,0,0,0,0,3,0,1,9,7,0,3,1,3.015
201501,Fall 2015,CIS 510,510,"Childs, Henry Roberts",8,2,4,0,1,0,0,0,1,0,0,0,0,0,6,1,1,0,0,3.662
201501,Fall 2015,CIS 571,571,"Dou, Dejing",12,2,2,3,3,1,0,0,0,0,0,0,0,1,7,4,0,0,1,3.333
201501,Fall 2015,CIS 624,624,"Norris, Boyana Radenska",30,21,2,1,1,3,2,0,0,0,0,0,0,0,24,6,0,0,0,3.78
201502,Winter 2016,CIS 110,110,"Colbert, Phillip Dean",197,45,55,35,20,17,6,6,6,0,2,1,0,4,135,43,12,3,4,3.513
201502,Winter 2016,CIS 111,111,"Bird, Brian Arnett",89,9,13,10,22,5,6,11,5,2,1,0,0,5,32,33,18,1,5,3.02
201502,Winter 2016,CIS 111,111,"Hennessy, Michael Shane",82,10,18,3,2,24,8,1,10,3,0,1,0,2,31,34,14,1,2,3.07
201502,Winter 2016,CIS 115,115,"Colbert, Phillip Dean",41,13,8,3,3,7,2,1,3,0,0,0,0,1,24,12,4,0,1,3.407
201502,Winter 2016,CIS 122,122,"Wilkins, David A",110,9,35,5,10,18,9,5,9,6,0,3,1,0,49,37,20,4,0,3.175
201502,Winter 2016,CIS 210,210,"Freeman Hennessy, Kathleen",118,1,10,6,9,19,17,13,15,4,0,10,5,9,17,45,32,15,9,2.364
201502,Winter 2016,CIS 211,211,"Conery, John",90,1,25,10,7,13,9,6,13,5,0,1,0,0,36,29,24,1,0,3.074
201502,Winter 2016,CIS 313,313,"Wu, Xiaodi",67,3,8,10,11,8,8,5,7,6,1,0,0,0,21,27,18,1,0,2.984
201502,Winter 2016,CIS 314,314,"Wills, Eric David",62,4,12,6,8,6,8,3,4,8,0,0,1,2,22,22,15,1,2,2.926
201502,Winter 2016,CIS 315,315,"Wilson, Christopher",57,4,20,2,9,12,2,0,5,1,0,1,0,1,26,23,6,1,1,3.284
201502,Winter 2016,CIS 330,330,"Norris, Boyana Radenska",67,21,16,2,8,5,5,5,2,0,0,0,0,3,39,18,7,0,3,3.37
201502,Winter 2016,CIS 399,399,"Young, Michal Terry",12,1,2,0,0,6,0,0,2,0,0,0,0,1,3,6,2,0,1,2.833
201502,Winter 2016,CIS 422,422,"Faulk, Stuart",26,0,2,6,8,4,2,3,0,1,0,0,0,0,8,14,4,0,0,3.177
201502,Winter 2016,CIS 425,425,"Ariola, Zena",60,0,4,5,8,7,10,5,6,7,0,6,2,0,9,25,18,8,0,2.528
201502,Winter 2016,CIS 429,429,"Kinsy, Michel Ako",15,1,2,4,2,1,1,0,2,0,0,2,0,0,7,4,2,2,0,3.007
201502,Winter 2016,CIS 433,433,"Li, Jun",24,0,7,4,10,2,0,1,0,0,0,0,0,0,11,12,1,0,0,3.504
201502,Winter 2016,CIS 453,453,"Dou, Dejing",22,0,9,1,9,1,0,2,0,0,0,0,0,0,10,10,2,0,0,3.5
201502,Winter 2016,CIS 472,472,"Lowd, Daniel Baruch",15,1,3,1,2,2,0,1,0,1,1,1,0,2,5,4,2,2,2,2.573
201502,Winter 2016,CIS 490,490,"Farley, Arthur Melvin",27,0,5,6,10,6,0,0,0,0,0,0,0,0,11,16,0,0,0,3.452
201502,Winter 2016,CIS 572,572,"Lowd, Daniel Baruch",11,1,5,0,0,1,3,0,0,0,0,0,1,0,6,4,0,1,0,3.255
201502,Winter 2016,CIS 621,621,"Wilson, Christopher",27,3,14,6,1,0,3,0,0,0,0,0,0,0,23,4,0,0,0,3.763
201503,Spring 2016,CIS 110,110,"Colbert, Phillip Dean",191,46,34,27,20,30,15,8,5,1,1,0,0,4,107,65,14,1,4,3.392
201503,Spring 2016,CIS 111,111,"Holleran, Pat",97,5,15,14,0,28,8,0,18,1,0,4,0,4,34,36,19,4,4,2.877
201503,Spring 2016,CIS 111,111,"Skorodinsky, Makseem Angel",68,8,3,8,7,14,6,6,3,10,0,0,0,3,19,27,19,0,3,2.819
201503,Spring 2016,CIS 115,115,"Colbert, Phillip Dean",37,5,0,7,5,7,6,3,0,1,0,0,0,3,12,18,4,0,3,2.924
201503,Spring 2016,CIS 122,122,"Freeman Hennessy, Kathleen",80,2,16,6,4,6,11,8,12,5,1,1,4,4,24,21,25,6,4,2.639
201503,Spring 2016,CIS 211,211,"Hornof, Anthony J",52,8,3,4,2,7,7,6,5,0,0,5,0,5,15,16,11,5,5,2.579
201503,Spring 2016,CIS 212,212,"Wills, Eric David",91,5,16,14,14,11,8,8,6,3,0,1,3,2,35,33,17,4,2,3.024
201503,Spring 2016,CIS 315,315,"Wilson, Christopher",65,9,10,10,7,7,6,4,3,2,0,2,0,5,29,20,9,2,5,2.983
201503,Spring 2016,CIS 330,330,"Childs, Henry Roberts",65,6,16,6,7,2,4,2,6,2,1,2,0,11,28,13,10,3,11,2.668
201503,Spring 2016,CIS 410,410,"Lowd, Daniel Baruch",23,2,3,1,1,5,3,3,0,2,1,0,1,1,6,9,5,2,1,2.713
201503,Spring 2016,CIS 410,410,"Wills, Eric David",53,2,20,13,6,10,0,0,0,1,0,0,1,0,35,16,1,1,0,3.553
201503,Spring 2016,CIS 415,415,"Sventek, Joseph Sherman",62,4,9,8,10,3,11,9,0,6,0,1,0,1,21,24,15,1,1,2.987
201503,Spring 2016,CIS 422,422,"Young, Michal Terry",31,0,7,8,2,11,0,0,2,0,0,0,0,1,15,13,2,0,1,3.265
201503,Spring 2016,CIS 423,423,"Faulk, Stuart",24,1,9,5,0,6,2,0,0,1,0,0,0,0,15,8,1,0,0,3.483
201503,Spring 2016,CIS 425,425,"Ariola, Zena",29,0,2,2,5,5,5,0,5,4,1,0,0,0,4,15,9,1,0,2.707
201503,Spring 2016,CIS 454,454,"Conery, John",19,2,13,2,0,1,0,0,1,0,0,0,0,0,17,1,1,0,0,3.811
201503,Spring 2016,CIS 630,630,"Rejaie, Reza",25,1,5,4,2,4,7,2,0,0,0,0,0,0,10,13,2,0,0,3.236
201503,Spring 2016,CIS 650,650,"Fickas, Stephen F",13,7,2,4,0,0,0,0,0,0,0,0,0,0,13,0,0,0,0,3.908
201504,Summer 2016,CIS 110,110,"Fuller, Elizabeth Pearl Ann",22,10,2,1,1,2,2,2,1,0,0,1,0,0,13,5,3,1,0,3.364
201504,Summer 2016,CIS 110,110,"Zhang, Mingwei",41,8,11,0,0,11,0,0,7,0,0,3,0,1,19,11,7,3,1,3.073
201504,Summer 2016,CIS 111,111,"Colbert, Phillip Dean",10,2,2,2,1,2,0,1,0,0,0,0,0,0,6,3,1,0,0,3.5
201504,Summer 2016,CIS 111,111,"Hennessy, Michael Shane",23,5,3,1,1,7,0,1,5,0,0,0,0,0,9,8,6,0,0,3.143
201504,Summer 2016,CIS 122,122,"Foster, Raleigh Francis",21,9,8,1,1,0,2,0,0,0,0,0,0,0,18,3,0,0,0,3.829
201504,Summer 2016,CIS 399,399,"Augustine, Charles Martel",12,0,4,1,1,1,0,1,0,1,0,2,1,0,5,2,2,3,0,2.725
201504,Summer 2016,CIS 399,399,"Bird, Brian Arnett",27,11,5,0,2,3,0,1,0,4,0,0,0,1,16,5,5,0,1,3.285
201504,Summer 2016,CIS 399,399,"VanDevender, Steven E",15,0,9,4,0,0,0,0,0,1,0,0,0,1,13,0,1,0,1,3.5
201601,Fall 2016,CIS 110,110,"Hennessy, Michael Shane",160,4,20,8,5,48,7,11,36,8,1,2,0,10,32,60,55,3,10,2.62
201601,Fall 2016,CIS 111,111,"Colbert, Phillip Dean",90,5,16,15,17,15,9,3,4,1,0,2,0,3,36,41,8,2,3,3.15
201601,Fall 2016,CIS 111,111,"Hennessy, Michael Shane",95,10,19,2,1,30,5,3,13,2,3,1,0,6,31,36,18,4,6,2.857
201601,Fall 2016,CIS 122,122,"Wilkins, David A",137,0,70,15,10,15,6,7,5,2,0,0,2,5,85,31,14,2,5,3.362
201601,Fall 2016,CIS 210,210,"Sventek, Joseph Sherman",124,3,12,16,14,16,15,13,12,10,5,5,2,1,31,45,35,12,1,2.723
201601,Fall 2016,CIS 212,212,"Wills, Eric David",58,3,8,5,3,9,12,0,6,0,2,3,0,7,16,24,6,5,7,2.576
201601,Fall 2016,CIS 313,313,"Wu, Xiaodi",79,4,11,10,11,8,8,12,4,6,5,0,0,0,25,27,22,5,0,2.927
201601,Fall 2016,CIS 314,314,"Wills, Eric David",72,4,20,9,5,11,8,4,5,4,0,1,0,1,33,24,13,1,1,3.158
201601,Fall 2016,CIS 322,322,"Young, Michal Terry",25,1,7,1,2,3,1,0,4,1,0,5,0,0,9,6,5,5,0,2.748
201601,Fall 2016,CIS 415,415,"Sventek, Joseph Sherman",48,1,4,4,8,12,8,2,3,3,1,0,1,1,9,28,8,2,1,2.844
201601,Fall 2016,CIS 420,420,"Wilson, Christopher",26,1,6,2,4,4,3,3,1,1,0,1,0,0,9,11,5,1,0,3.088
201601,Fall 2016,CIS 422,422,"Faulk, Stuart",29,0,2,3,7,7,1,4,2,1,0,2,0,0,5,15,7,2,0,2.855
201601,Fall 2016,CIS 425,425,"Ariola, Zena",43,1,2,2,4,7,6,1,9,4,0,6,0,1,5,17,14,6,1,2.393
201601,Fall 2016,CIS 432,432,"Li, Jun",31,1,0,5,6,10,6,2,0,0,0,0,0,1,6,22,2,0,1,3.003
201601,Fall 2016,CIS 441,441,"Childs, Henry Roberts",29,1,13,3,2,5,0,2,2,1,0,0,0,0,17,7,5,0,0,3.414
201601,Fall 2016,CIS 443,443,"Hornof, Anthony J",13,1,2,1,3,0,1,2,0,2,0,0,0,1,4,4,4,0,1,2.792
201601,Fall 2016,CIS 451,451,"Wilson, Christopher",36,0,15,5,7,4,3,2,0,0,0,0,0,0,20,14,2,0,0,3.508
201601,Fall 2016,CIS 471,471,"Lowd, Daniel Baruch",21,0,5,1,3,4,2,1,1,1,1,1,1,0,6,9,3,3,0,2.857
201601,Fall 2016,CIS 571,571,"Lowd, Daniel Baruch",19,1,5,4,3,2,2,1,0,1,0,0,0,0,10,7,2,0,0,3.374
201601,Fall 2016,CIS 610,610,"Dou, Dejing",11,0,5,2,0,3,0,0,0,1,0,0,0,0,7,3,1,0,0,3.464
201601,Fall 2016,CIS 624,624,"Norris, Boyana Radenska",22,6,12,2,0,1,0,0,0,1,0,0,0,0,20,1,1,0,0,3.823
201602,Winter 2017,CIS 105,105,"Fickas, Stephen F",44,28,6,2,1,3,0,1,0,0,0,0,0,3,36,4,1,0,3,3.591
201602,Winter 2017,CIS 110,110,"Colbert, Phillip Dean",191,11,54,36,20,22,25,4,6,7,1,2,0,3,101,67,17,3,3,3.294
201602,Winter 2017,CIS 111,111,"Skorodinsky, Makseem Angel",97,15,20,4,10,15,8,1,7,5,0,3,1,8,39,33,13,4,8,2.916
201602,Winter 2017,CIS 122,122,"Wilkins, David A",124,0,63,11,8,16,7,5,6,4,0,1,0,3,74,31,15,1,3,3.365
201602,Winter 2017,CIS 210,210,"Freeman Hennessy, Kathleen",121,3,20,10,6,27,13,0,16,11,0,1,2,12,33,46,27,3,12,2.628
201602,Winter 2017,CIS 211,211,"Conery, John",102,0,38,7,4,20,13,1,11,4,0,4,0,0,45,37,16,4,0,3.15
201602,Winter 2017,CIS 313,313,"Wu, Xiaodi",45,2,10,3,6,6,4,5,7,1,1,0,0,0,15,16,13,1,0,3.027
201602,Winter 2017,CIS 314,314,"Wills, Eric David",55,3,11,5,5,6,7,5,1,2,0,2,2,6,19,18,8,4,6,2.695
201602,Winter 2017,CIS 315,315,"Wilson, Christopher",68,3,16,11,9,9,10,4,2,2,0,0,0,2,30,28,8,0,2,3.191
201602,Winter 2017,CIS 322,322,"Ellsworth, Daniel Abraham Solomon",31,0,14,6,2,2,4,0,2,1,0,0,0,0,20,8,3,0,0,3.461
201602,Winter 2017,CIS 330,330,"Norris, Boyana Radenska",59,2,15,5,11,5,4,3,7,4,1,1,0,1,22,20,14,2,1,3.027
201602,Winter 2017,CIS 399,399,"Augustine, Charles Martel",26,2,6,2,3,3,3,1,2,1,1,1,1,0,10,9,4,3,0,2.977
201602,Winter 2017,CIS 413,413,"Proskurowski, Andrzej",22,1,3,4,0,0,4,1,3,2,0,1,0,3,8,4,6,1,3,2.468
201602,Winter 2017,CIS 422,422,"Faulk, Stuart",31,1,5,9,8,0,4,0,3,1,0,0,0,0,15,12,4,0,0,3.297
201602,Winter 2017,CIS 433,433,"Li, Jun",35,1,3,12,13,3,2,0,0,0,0,0,0,1,16,18,0,0,1,3.363
201602,Winter 2017,CIS 452,452,"Dou, Dejing",17,0,9,3,2,3,0,0,0,0,0,0,0,0,12,5,0,0,0,3.688
201602,Winter 2017,CIS 472,472,"Lowd, Daniel Baruch",19,0,0,3,3,5,3,1,3,0,1,0,0,0,3,11,4,1,0,2.826
201602,Winter 2017,CIS 533,533,"Li, Jun",11,0,3,3,4,0,0,0,0,0,0,0,0,1,6,4,0,0,1,3.3
201602,Winter 2017,CIS 561,561,"Young, Michal Terry",16,2,7,2,0,5,0,0,0,0,0,0,0,0,11,5,0,0,0,3.65
201602,Winter 2017,CIS 572,572,"Lowd, Daniel Baruch",17,1,2,5,4,5,0,0,0,0,0,0,0,0,8,9,0,0,0,3.453
201602,Winter 2017,CIS 621,621,"Wilson, Christopher",29,3,6,7,6,5,2,0,0,0,0,0,0,0,16,13,0,0,0,3.521
201603,Spring 2017,CIS 105,105,"Fickas, Stephen F",15,8,4,1,0,0,2,0,0,0,0,0,0,0,13,2,0,0,0,3.807
201603,Spring 2017,CIS 110,110,"Colbert, Phillip Dean",203,10,45,39,24,22,30,11,5,8,2,0,2,5,94,76,24,4,5,3.169
201603,Spring 2017,CIS 111,111,"Skorodinsky, Makseem Angel",84,4,12,8,1,11,8,2,17,4,1,7,3,6,24,20,23,11,6,2.468
201603,Spring 2017,CIS 115,115,"Colbert, Phillip Dean",48,3,6,5,3,8,9,2,3,3,1,2,0,3,14,20,8,3,3,2.744
201603,Spring 2017,CIS 122,122,"Freeman Hennessy, Kathleen",97,4,26,5,7,15,10,8,2,5,0,8,0,7,35,32,15,8,7,2.809
201603,Spring 2017,CIS 211,211,"Conery, John",93,1,23,6,3,28,17,6,0,1,0,5,1,2,30,48,7,6,2,3.002
201603,Spring 2017,CIS 212,212,"Jiao, Lei",90,8,6,7,10,7,19,0,5,5,9,4,3,7,21,36,10,16,7,2.483
201603,Spring 2017,CIS 315,315,"Wilson, Christopher",46,5,9,7,4,4,6,2,4,3,0,0,0,2,21,14,9,0,2,3.065
201603,Spring 2017,CIS 330,330,"Childs, Henry Roberts",62,7,15,3,4,13,1,1,4,0,0,0,0,14,25,18,5,0,14,2.65
201603,Spring 2017,CIS 410,410,"Stevens, Kent A",13,0,5,3,2,3,0,0,0,0,0,0,0,0,8,5,0,0,0,3.592
201603,Spring 2017,CIS 410,410,"Wills, Eric David",49,2,22,15,4,3,1,0,1,1,0,0,0,0,39,8,2,0,0,3.676
201603,Spring 2017,CIS 415,415,"Sventek, Joseph Sherman",49,1,4,3,8,8,10,9,5,1,0,0,0,0,8,26,15,0,0,2.876
201603,Spring 2017,CIS 422,422,"Young, Michal Terry",33,1,14,5,1,8,0,0,3,0,0,1,0,0,20,9,3,1,0,3.418
201603,Spring 2017,CIS 425,425,"Ariola, Zena",79,0,6,8,8,22,5,8,6,8,0,7,0,1,14,35,22,7,1,2.665
201603,Spring 2017,CIS 427,427,"Ariola, Zena",9,0,2,1,2,4,0,0,0,0,0,0,0,0,3,6,0,0,0,3.367
201603,Spring 2017,CIS 445,445,"Li, Jun",12,0,0,2,2,1,4,1,0,0,1,0,0,1,2,7,1,1,1,2.617
201603,Spring 2017,CIS 453,453,"Dou, Dejing",11,0,4,4,2,0,0,0,0,0,0,1,0,0,8,2,0,1,0,3.491
201603,Spring 2017,CIS 473,473,"Lowd, Daniel Baruch",22,0,4,0,5,4,3,2,2,0,1,0,0,1,4,12,4,1,1,2.841
201603,Spring 2017,CIS 531,531,"Norris, Boyana Radenska",15,1,8,2,1,1,1,0,0,0,0,0,0,1,11,3,0,0,1,3.493
201603,Spring 2017,CIS 630,630,"Rejaie, Reza",26,0,3,3,4,2,12,0,1,0,0,1,0,0,6,18,1,1,0,2.988
201604,Summer 2017,CIS 110,110,"Skorodinsky, Makseem Angel",19,1,8,2,2,2,3,0,1,0,0,0,0,0,11,7,1,0,0,3.479
201604,Summer 2017,CIS 111,111,"Hennessy, Michael Shane",33,2,7,0,0,7,0,3,10,2,0,0,0,2,9,7,15,0,2,2.645
201604,Summer 2017,CIS 122,122,"Skorodinsky, Makseem Angel",13,4,1,1,0,2,0,0,1,2,0,1,0,1,6,2,3,1,1,2.777
201604,Summer 2017,CIS 199,199,"Matthews, Kelli Irene",29,0,16,0,0,10,0,0,3,0,0,0,0,0,16,10,3,0,0,3.448
201604,Summer 2017,CIS 399,399,"Bird, Brian Arnett",30,6,9,1,1,5,1,1,5,0,0,0,0,1,16,7,6,0,1,3.233
201604,Summer 2017,CIS 399,399,"VanDevender, Steven E",22,0,8,9,2,0,3,0,0,0,0,0,0,0,17,5,0,0,0,3.636
201701,Fall 2017,CIS 110,110,"Hennessy, Michael Shane",150,10,23,5,7,40,10,7,32,6,1,4,0,5,38,57,45,5,5,2.775
201701,Fall 2017,CIS 111,111,"Hennessy, Michael Shane",95,12,20,5,7,18,3,5,13,4,1,2,0,5,37,28,22,3,5,2.94
201701,Fall 2017,CIS 115,115,"Colbert, Phillip Dean",21,2,4,4,1,1,1,1,4,1,1,1,0,0,10,3,6,2,0,2.957
201701,Fall 2017,CIS 122,122,"Wilkins, David A",136,7,42,19,7,15,15,3,9,5,0,5,1,8,68,37,17,6,8,3.044
201701,Fall 2017,CIS 210,210,"Freeman Hennessy, Kathleen",145,2,24,7,13,27,6,10,22,3,7,8,5,11,33,46,35,20,11,2.501
201701,Fall 2017,CIS 212,212,"Jiao, Lei",107,16,4,2,8,16,14,12,8,3,5,6,5,8,22,38,23,16,8,2.47
201701,Fall 2017,CIS 313,313,"Proskurowski, Andrzej",64,1,11,5,0,6,12,10,12,3,0,2,0,2,17,18,25,2,2,2.672
201701,Fall 2017,CIS 314,314,"Wills, Eric David",70,3,6,8,23,10,5,5,6,1,0,0,0,3,17,38,12,0,3,3.003
201701,Fall 2017,CIS 322,322,"Young, Michal Terry",32,1,9,4,3,7,1,0,4,0,0,2,0,1,14,11,4,2,1,3.075
201701,Fall 2017,CIS 399,399,"Augustine, Charles Martel",11,0,4,1,0,0,2,0,0,1,0,1,1,1,5,2,1,2,1,2.591
201701,Fall 2017,CIS 399,399,"Lowd, Daniel Baruch",15,0,1,1,3,2,2,0,1,3,0,1,0,1,2,7,4,1,1,2.473
201701,Fall 2017,CIS 415,415,"Sventek, Joseph Sherman",34,3,2,4,7,5,3,2,3,2,0,1,2,0,9,15,7,3,0,2.865
201701,Fall 2017,CIS 420,420,"Wilson, Christopher",24,0,8,3,2,1,3,2,0,2,0,2,0,1,11,6,4,2,1,2.95
201701,Fall 2017,CIS 422,422,"Faulk, Stuart",29,0,1,10,4,7,3,3,0,0,0,1,0,0,11,14,3,1,0,3.145
201701,Fall 2017,CIS 425,425,"Ariola, Zena",43,0,4,4,5,6,7,4,3,4,0,5,0,1,8,18,11,5,1,2.586
201701,Fall 2017,CIS 432,432,"Rejaie, Reza",27,1,2,1,2,4,3,3,3,4,2,0,0,2,4,9,10,2,2,2.396
201701,Fall 2017,CIS 443,443,"Hornof, Anthony J",11,2,0,1,3,0,2,0,2,1,0,0,0,0,3,5,3,0,0,2.973
201701,Fall 2017,CIS 451,451,"Wilson, Christopher",36,0,21,6,2,3,0,1,2,0,0,1,0,0,27,5,3,1,0,3.586
201701,Fall 2017,CIS 471,471,"Dou, Dejing",22,1,3,2,9,1,1,2,2,0,0,1,0,0,6,11,4,1,0,3.109
201701,Fall 2017,CIS 624,624,"Norris, Boyana Radenska",24,5,17,1,1,0,0,0,0,0,0,0,0,0,23,1,0,0,0,3.958
201701,Fall 2017,CIS 650,650,"Fickas, Stephen F",14,7,5,2,0,0,0,0,0,0,0,0,0,0,14,0,0,0,0,3.957
201702,Winter 2018,CIS 110,110,"Hennessy, Michael Shane",191,19,47,11,11,55,9,8,22,2,2,1,0,4,77,75,32,3,4,3.14
201702,Winter 2018,CIS 111,111,"Hennessy, Michael Shane",104,14,26,7,8,25,6,4,6,2,0,1,0,5,47,39,12,1,5,3.164
201702,Winter 2018,CIS 115,115,"Colbert, Phillip Dean",26,2,6,3,2,1,3,4,0,0,4,1,0,0,11,6,4,5,0,2.931
201702,Winter 2018,CIS 122,122,"Shahir, Bijan Yaghoubi",100,16,12,12,17,15,8,5,0,5,1,3,2,4,40,40,10,6,4,3.048
201702,Winter 2018,CIS 199,199,"Wilkins, David A",12,2,6,1,1,1,1,0,0,0,0,0,0,0,9,3,0,0,0,3.725
201702,Winter 2018,CIS 210,210,"Freeman Hennessy, Kathleen",120,0,14,5,2,20,14,3,18,10,4,4,7,19,19,36,31,15,19,2.108
201702,Winter 2018,CIS 211,211,"Young, Michal Terry",101,5,20,7,5,14,5,0,30,7,0,1,0,7,32,24,37,1,7,2.681
201702,Winter 2018,CIS 313,313,"Sventek, Joseph Sherman",78,4,3,7,5,12,15,12,10,5,3,2,0,0,14,32,27,5,0,2.678
201702,Winter 2018,CIS 314,314,"Wills, Eric David",57,3,5,4,7,9,20,2,2,2,0,1,0,2,12,36,6,1,2,2.875
201702,Winter 2018,CIS 315,315,"Wilson, Christopher",52,2,16,7,5,9,6,2,4,0,0,0,0,1,25,20,6,0,1,3.273
201702,Winter 2018,CIS 322,322,"Durairajan, Ramakrishnan",24,2,2,3,1,2,2,2,2,1,1,1,2,3,7,5,5,4,3,2.325
201702,Winter 2018,CIS 330,330,"Norris, Boyana Radenska",61,20,14,2,6,3,4,5,2,1,1,0,0,3,36,13,8,1,3,3.303
201702,Winter 2018,CIS 399,399,"Fickas, Stephen F",13,4,1,1,2,0,3,1,1,0,0,0,0,0,6,5,2,0,0,3.285
201702,Winter 2018,CIS 410,410,"Childs, Henry Roberts",30,5,16,1,1,3,0,0,2,0,0,0,0,2,22,4,2,0,2,3.467
201702,Winter 2018,CIS 413,413,"Proskurowski, Andrzej",11,3,2,0,1,1,3,0,0,1,0,0,0,0,5,5,1,0,0,3.282
201702,Winter 2018,CIS 422,422,"Faulk, Stuart",34,6,8,5,7,3,0,4,1,0,0,0,0,0,19,10,5,0,0,3.465
201702,Winter 2018,CIS 431,431,"Malony, Allen",20,0,4,1,2,5,3,1,1,3,0,0,0,0,5,10,5,0,0,2.94
201702,Winter 2018,CIS 433,433,"Li, Jun",27,0,4,13,5,3,2,0,0,0,0,0,0,0,17,10,0,0,0,3.519
201702,Winter 2018,CIS 472,472,"Lowd, Daniel Baruch",28,0,7,4,4,7,1,3,0,0,0,0,0,2,11,12,3,0,2,3.093
201702,Winter 2018,CIS 572,572,"Lowd, Daniel Baruch",11,0,5,4,1,1,0,0,0,0,0,0,0,0,9,2,0,0,0,3.736
201702,Winter 2018,CIS 610,610,"Dou, Dejing",14,2,8,2,1,1,0,0,0,0,0,0,0,0,12,2,0,0,0,3.836
201703,Spring 2018,CIS 110,110,"Colbert, Phillip Dean",186,10,74,42,13,13,8,3,7,5,4,2,0,5,126,34,15,6,5,3.395
201703,Spring 2018,CIS 111,111,"Little, Ronald Kent",100,16,16,8,10,6,11,11,17,1,0,1,2,1,40,27,29,3,1,3.017
201703,Spring 2018,CIS 122,122,"Wilkins, David A",134,23,48,12,6,12,8,4,13,3,1,1,0,3,83,26,20,2,3,3.346
201703,Spring 2018,CIS 211,211,"Young, Michal Terry",73,3,16,2,4,17,10,0,17,1,0,1,0,2,21,31,18,1,2,2.895
201703,Spring 2018,CIS 212,212,"Jiao, Lei",86,18,6,8,13,5,9,7,5,2,3,3,0,7,32,27,14,6,7,2.84
201703,Spring 2018,CIS 315,315,"Wilson, Christopher",70,2,18,4,9,20,3,4,4,3,0,1,0,2,24,32,11,1,2,3.084
201703,Spring 2018,CIS 330,330,"Childs, Henry Roberts",56,7,8,10,2,14,3,0,4,0,0,2,0,6,25,19,4,2,6,2.923
201703,Spring 2018,CIS 399,399,"Fickas, Stephen F",20,4,7,1,1,4,1,1,0,1,0,0,0,0,12,6,2,0,0,3.485
201703,Spring 2018,CIS 410,410,"Stevens, Kent A",20,1,4,7,3,5,0,0,0,0,0,0,0,0,12,8,0,0,0,3.54
201703,Spring 2018,CIS 415,415,"Sventek, Joseph Sherman",60,3,12,2,10,6,11,10,1,3,0,0,0,2,17,27,14,0,2,2.97
201703,Spring 2018,CIS 422,422,"Hornof, Anthony J",31,0,3,6,2,8,2,5,3,2,0,0,0,0,9,12,10,0,0,2.939
201703,Spring 2018,CIS 425,425,"Ariola, Zena",57,1,8,1,8,6,16,1,7,5,0,3,0,1,10,30,13,3,1,2.721
201703,Spring 2018,CIS 427,427,"Ariola, Zena",12,0,1,1,6,1,2,0,0,1,0,0,0,0,2,9,1,0,0,3.133
201703,Spring 2018,CIS 473,473,"Lowd, Daniel Baruch",22,0,3,2,3,4,3,2,0,3,0,0,0,2,5,10,5,0,2,2.686
201703,Spring 2018,CIS 621,621,"Wilson, Christopher",18,1,10,3,2,1,1,0,0,0,0,0,0,0,14,4,0,0,0,3.744
201704,Summer 2018,CIS 110,110,"Hu, Zhangxiang",23,2,9,2,3,4,1,0,1,1,0,0,0,0,13,8,2,0,0,3.465
201704,Summer 2018,CIS 111,111,"Hennessy, Michael Shane",26,3,6,1,0,7,3,0,3,3,0,0,0,0,10,10,6,0,0,3.073
201704,Summer 2018,CIS 111,111,"Little, Ronald Kent",23,5,4,5,0,4,0,1,1,1,0,0,0,2,14,4,3,0,2,3.152
201704,Summer 2018,CIS 122,122,"Corso, Amie Jayne",19,3,3,3,1,3,2,0,1,3,0,0,0,0,9,6,4,0,0,3.153
201704,Summer 2018,CIS 199,199,"Matthews, Kelli Irene",68,26,19,9,9,2,1,1,1,0,0,0,0,0,54,12,2,0,0,3.765
201704,Summer 2018,CIS 399,399,"Augustine, Charles Martel",16,3,3,3,3,2,0,0,1,0,1,0,0,0,9,5,1,1,0,3.394
201704,Summer 2018,CIS 399,399,"Bird, Brian Arnett",13,1,1,1,1,1,1,1,1,2,0,0,0,3,3,3,4,0,3,2.185
201704,Summer 2018,CIS 399,399,"VanDevender, Steven E",16,0,7,2,3,4,0,0,0,0,0,0,0,0,9,7,0,0,0,3.581
201801,Fall 2018,CIS 110,110,"Hennessy, Michael Shane",179,22,56,13,12,44,9,4,11,3,0,1,0,4,91,65,18,1,4,3.315
201801,Fall 2018,CIS 111,111,"Hennessy, Michael Shane",104,2,27,5,4,34,8,4,14,3,1,1,0,1,34,46,21,2,1,3.038
201801,Fall 2018,CIS 122,122,"Colbert, Phillip Dean",137,44,31,7,7,15,5,0,11,2,3,2,2,8,82,27,13,7,8,3.213
201801,Fall 2018,CIS 199,199,"Wilkins, David A",31,0,15,5,4,2,2,1,2,0,0,0,0,0,20,8,3,0,0,3.529
201801,Fall 2018,CIS 210,210,"Freeman Hennessy, Kathleen",143,2,25,6,12,27,22,7,16,4,1,7,1,13,33,61,27,9,13,2.616
201801,Fall 2018,CIS 212,212,"Childs, Henry Roberts",69,11,11,13,2,6,6,1,4,4,0,4,0,7,35,14,9,4,7,2.87
201801,Fall 2018,CIS 313,313,"Wilson, Christopher",81,4,18,11,6,15,6,3,5,7,0,4,0,2,33,27,15,4,2,2.994
201801,Fall 2018,CIS 314,314,"Wills, Eric David",77,5,19,13,9,9,6,8,0,6,0,0,0,2,37,24,14,0,2,3.19
201801,Fall 2018,CIS 322,322,"Durairajan, Ramakrishnan",35,1,2,3,4,1,9,3,2,3,1,1,3,2,6,14,8,5,2,2.4
201801,Fall 2018,CIS 415,415,"Malony, Allen",30,0,2,5,3,4,3,2,3,4,2,2,0,0,7,10,9,4,0,2.617
201801,Fall 2018,CIS 422,422,"Sventek, Joseph Sherman",33,0,4,10,9,4,4,2,0,0,0,0,0,0,14,17,2,0,0,3.336
201801,Fall 2018,CIS 425,425,"Ariola, Zena",55,0,2,2,8,5,3,11,9,7,0,5,0,3,4,16,27,5,3,2.275
201801,Fall 2018,CIS 432,432,"Li, Jun",19,1,0,4,3,9,1,1,0,0,0,0,0,0,5,13,1,0,0,3.195
201801,Fall 2018,CIS 443,443,"Hornof, Anthony J",9,0,0,1,3,2,1,1,1,0,0,0,0,0,1,6,2,0,0,2.956
201801,Fall 2018,CIS 451,451,"Wilson, Christopher",41,1,23,12,4,0,1,0,0,0,0,0,0,0,36,5,0,0,0,3.812
201801,Fall 2018,CIS 471,471,"Dou, Dejing",34,2,9,5,9,3,2,2,1,0,0,0,0,1,16,14,3,0,1,3.329
201801,Fall 2018,CIS 571,571,"Dou, Dejing",11,2,3,0,1,4,1,0,0,0,0,0,0,0,5,6,0,0,0,3.455
201801,Fall 2018,CIS 624,624,"Norris, Boyana Radenska",15,1,8,3,0,3,0,0,0,0,0,0,0,0,12,3,0,0,0,3.74
201802,Winter 2019,CIS 110,110,"Hennessy, Michael Shane",177,14,47,9,14,41,13,10,16,5,0,2,1,5,70,68,31,3,5,3.095
201802,Winter 2019,CIS 111,111,"Hennessy, Michael Shane",123,13,37,8,10,20,7,3,14,5,1,2,0,3,58,37,22,3,3,3.156
201802,Winter 2019,CIS 122,122,"Colbert, Phillip Dean",124,9,38,7,8,16,5,5,13,4,2,3,4,10,54,29,22,9,10,2.859
201802,Winter 2019,CIS 199,199,"Wilkins, David A",14,0,3,1,2,3,3,1,0,0,0,0,0,1,4,8,1,0,1,2.979
201802,Winter 2019,CIS 210,210,"Freeman Hennessy, Kathleen",118,1,16,7,7,22,11,7,21,4,3,4,0,15,24,40,32,7,15,2.419
201802,Winter 2019,CIS 211,211,"Young, Michal Terry",96,3,17,4,24,14,6,0,18,0,0,5,0,5,24,44,18,5,5,2.846
201802,Winter 2019,CIS 313,313,"Nguyen, Thien Huu",53,2,6,7,21,13,3,1,0,0,0,0,0,0,15,37,1,0,0,3.332
201802,Winter 2019,CIS 314,314,"Wills, Eric David",58,3,9,10,4,9,10,1,7,2,0,0,0,3,22,23,10,0,3,2.964
201802,Winter 2019,CIS 315,315,"Wilson, Christopher",56,3,9,2,2,15,9,8,1,6,0,0,0,1,14,26,15,0,1,2.891
201802,Winter 2019,CIS 330,330,"Norris, Boyana Radenska",70,11,20,7,11,7,2,0,4,3,0,0,1,4,38,20,7,1,4,3.234
201802,Winter 2019,CIS 399,399,"Fickas, Stephen F",22,8,2,0,1,0,2,1,5,0,0,3,0,0,10,3,6,3,0,2.909
201802,Winter 2019,CIS 410,410,"Rejaie, Reza",14,2,0,1,4,2,2,0,1,0,1,0,1,0,3,8,1,2,0,2.879
201802,Winter 2019,CIS 422,422,"Hornof, Anthony J",35,1,3,1,5,7,5,5,4,2,0,1,0,1,5,17,11,1,1,2.703
201802,Winter 2019,CIS 431,431,"Malony, Allen",13,0,4,1,4,1,0,2,0,1,0,0,0,0,5,5,3,0,0,3.246
201802,Winter 2019,CIS 433,433,"Howell, Leo Foster",40,2,11,14,11,0,2,0,0,0,0,0,0,0,27,13,0,0,0,3.638
201802,Winter 2019,CIS 441,441,"Childs, Henry Roberts",56,11,25,0,9,6,0,1,3,0,0,0,0,1,36,15,4,0,1,3.571
201802,Winter 2019,CIS 471,471,"Nguyen, Thanh Hong",20,0,6,5,4,2,2,0,0,1,0,0,0,0,11,8,1,0,0,3.44
201802,Winter 2019,CIS 621,621,"Jiao, Lei",11,1,2,4,1,3,0,0,0,0,0,0,0,0,7,4,0,0,0,3.555
201803,Spring 2019,CIS 110,110,"Colbert, Phillip Dean",135,9,80,14,7,8,3,1,2,5,1,0,1,4,103,18,8,2,4,3.554
201803,Spring 2019,CIS 111,111,"Little, Ronald Kent",98,12,18,9,1,22,10,5,10,2,1,4,0,4,39,33,17,5,4,2.957
201803,Spring 2019,CIS 122,122,"Wilkins, David A",136,0,60,12,9,12,9,0,12,7,1,4,3,7,72,30,19,8,7,3.071
201803,Spring 2019,CIS 211,211,"Young, Michal Terry",87,4,16,3,10,15,3,0,24,5,0,1,0,6,23,28,29,1,6,2.698
201803,Spring 2019,CIS 212,212,"Sventek, Joseph Sherman",74,20,18,10,7,6,5,2,2,1,0,1,0,2,48,18,5,1,2,3.445
201803,Spring 2019,CIS 315,315,"Wilson, Christopher",57,2,14,4,5,13,5,4,5,1,0,2,0,2,20,23,10,2,2,2.995
201803,Spring 2019,CIS 322,322,"Durairajan, Ramakrishnan",24,2,1,3,1,4,3,3,0,2,0,1,2,2,6,8,5,3,2,2.467
201803,Spring 2019,CIS 330,330,"Choi, Jee Whan",55,0,2,5,9,4,8,9,5,5,2,1,1,4,7,21,19,4,4,2.424
201803,Spring 2019,CIS 399,399,"Fickas, Stephen F",6,0,3,1,0,0,2,0,0,0,0,0,0,0,4,2,0,0,0,3.517
201803,Spring 2019,CIS 410,410,"Wills, Eric David",52,3,20,11,8,5,0,3,0,1,0,0,0,1,34,13,4,0,1,3.513
201803,Spring 2019,CIS 415,415,"Malony, Allen",57,0,7,8,5,13,5,3,6,2,2,3,0,3,15,23,11,5,3,2.711
201803,Spring 2019,CIS 422,422,"Hornof, Anthony J",25,0,4,3,2,7,5,3,1,0,0,0,0,0,7,14,4,0,0,3.084
201803,Spring 2019,CIS 425,425,"Ariola, Zena",52,0,6,0,7,11,0,8,6,6,0,5,0,3,6,18,20,5,3,2.417
201803,Spring 2019,CIS 453,453,"Dou, Dejing",13,2,0,4,4,2,0,0,0,0,1,0,0,0,6,6,0,1,0,3.331
201803,Spring 2019,CIS 472,472,"Nguyen, Thien Huu",30,0,5,0,4,3,9,0,4,4,0,0,0,1,5,16,8,0,1,2.71
201803,Spring 2019,CIS 572,572,"Nguyen, Thien Huu",15,3,3,2,2,3,2,0,0,0,0,0,0,0,8,7,0,0,0,3.493
201803,Spring 2019,CIS 630,630,"Rejaie, Reza",12,1,0,3,3,0,3,0,1,1,0,0,0,0,4,6,2,0,0,3.067
201804,Summer 2019,CIS 110,110,"Hu, Zhangxiang",10,3,3,1,0,1,0,1,0,0,0,0,0,1,7,1,1,0,1,3.3
201804,Summer 2019,CIS 111,111,"Hennessy, Michael Shane",20,1,5,2,1,5,0,2,1,1,0,1,0,1,8,6,4,1,1,2.95
201804,Summer 2019,CIS 122,122,"Corso, Amie Jayne",15,5,3,3,1,2,0,0,0,0,0,0,0,1,11,3,0,0,1,3.493
201804,Summer 2019,CIS 199,199,"Matthews, Kelli Irene",67,15,23,10,5,4,3,1,2,0,0,0,0,4,48,12,3,0,4,3.461
201804,Summer 2019,CIS 212,212,"Sventek, Joseph Sherman",14,0,2,1,1,2,4,0,1,2,0,0,0,1,3,7,3,0,1,2.657
201804,Summer 2019,CIS 399,399,"Bird, Brian Arnett",13,5,1,1,1,1,1,0,0,2,0,0,0,1,7,3,2,0,1,3.085
201804,Summer 2019,CIS 399,399,"VanDevender, Steven E",13,0,7,0,0,5,0,0,0,0,0,0,0,1,7,5,0,0,1,3.308
201901,Fall 2019,CIS 110,110,"Hennessy, Michael Shane",176,19,55,6,7,45,10,6,19,1,0,2,2,4,80,62,26,4,4,3.183
201901,Fall 2019,CIS 111,111,"Little, Ronald Kent",127,14,41,13,7,23,10,2,7,2,1,2,0,5,68,40,11,3,5,3.248
201901,Fall 2019,CIS 122,122,"Colbert, Phillip Dean",151,0,60,27,11,14,10,6,4,6,0,3,0,10,87,35,16,3,10,3.18
201901,Fall 2019,CIS 199,199,"Wilkins, David A",22,7,7,4,1,1,0,0,0,1,0,0,1,0,18,2,1,1,0,3.614
201901,Fall 2019,CIS 199,199,"Wu, Yanwei",8,1,2,0,0,3,0,0,0,0,0,0,0,2,3,3,0,0,2,2.625
201901,Fall 2019,CIS 210,210,"Freeman Hennessy, Kathleen",139,3,21,11,12,28,7,4,13,7,0,16,0,17,35,47,24,16,17,2.463
201901,Fall 2019,CIS 212,212,"Childs, Henry Roberts",66,2,21,6,9,10,7,0,3,1,0,4,0,3,29,26,4,4,3,3.098
201901,Fall 2019,CIS 313,313,"Lowd, Daniel Baruch",78,3,11,10,10,19,6,4,10,1,0,0,1,3,24,35,15,1,3,2.959
201901,Fall 2019,CIS 314,314,"Wills, Eric David",71,6,18,10,23,0,4,2,1,3,1,0,0,3,34,27,6,1,3,3.277
201901,Fall 2019,CIS 322,322,"Durairajan, Ramakrishnan",28,0,7,1,2,2,2,2,4,1,3,0,1,3,8,6,7,4,3,2.45
201901,Fall 2019,CIS 399,399,"Li, Jun",15,0,1,7,2,1,2,2,0,0,0,0,0,0,8,5,2,0,0,3.3
201901,Fall 2019,CIS 415,415,"Malony, Allen",51,0,9,3,4,12,5,7,6,2,1,0,0,2,12,21,15,1,2,2.796
201901,Fall 2019,CIS 420,420,"Wilson, Christopher",11,0,5,0,2,2,1,0,1,0,0,0,0,0,5,5,1,0,0,3.391
201901,Fall 2019,CIS 422,422,"Sventek, Joseph Sherman",29,0,5,7,10,3,2,0,1,0,0,0,0,1,12,15,1,0,1,3.286
201901,Fall 2019,CIS 425,425,"Ariola, Zena",38,0,1,3,10,11,0,0,3,5,0,5,0,0,4,21,8,5,0,2.647
201901,Fall 2019,CIS 432,432,"Rejaie, Reza",12,0,1,2,2,2,1,1,1,0,0,0,1,1,3,5,2,1,1,2.642
201901,Fall 2019,CIS 443,443,"Hornof, Anthony J",11,0,0,3,2,0,2,2,1,0,0,0,0,1,3,4,3,0,1,2.7
201901,Fall 2019,CIS 451,451,"Wilson, Christopher",50,1,32,1,4,9,2,1,0,0,0,0,0,0,34,15,1,0,0,3.672
201901,Fall 2019,CIS 471,471,"Nguyen, Thanh Hong",24,0,4,7,7,2,4,0,0,0,0,0,0,0,11,13,0,0,0,3.408
201901,Fall 2019,CIS 510,510,"Nguyen, Thien Huu",11,0,3,4,0,2,1,0,1,0,0,0,0,0,7,3,1,0,0,3.409
201901,Fall 2019,CIS 571,571,"Nguyen, Thanh Hong",11,0,5,1,2,1,2,0,0,0,0,0,0,0,6,5,0,0,0,3.518
201901,Fall 2019,CIS 631,631,"Choi, Jee Whan",12,3,0,2,3,3,1,0,0,0,0,0,0,0,5,7,0,0,0,3.417
201902,Winter 2020,CIS 110,110,"Little, Ronald Kent",183,37,50,27,15,31,6,4,7,3,1,0,0,2,114,52,14,1,2,3.477
201902,Winter 2020,CIS 111,111,"Hennessy, Michael Shane",130,31,35,8,2,32,0,5,13,1,0,0,0,3,74,34,19,0,3,3.349
201902,Winter 2020,CIS 122,122,"Colbert, Phillip Dean",130,9,34,11,11,21,13,6,9,3,3,5,0,5,54,45,18,8,5,3.022
201902,Winter 2020,CIS 199,199,"Wilkins, David A",13,2,8,1,1,0,1,0,0,0,0,0,0,0,11,2,0,0,0,3.823
201902,Winter 2020,CIS 210,210,"Erickson, Brittany Angela",140,0,25,7,38,9,17,18,5,5,6,1,0,9,32,64,28,7,9,2.806
201902,Winter 2020,CIS 211,211,"Young, Michal Terry",93,0,60,11,2,7,0,0,8,0,0,1,0,4,71,9,8,1,4,3.498
201902,Winter 2020,CIS 313,313,"Nguyen, Thien Huu",58,1,6,9,9,11,10,5,6,0,0,0,0,1,16,30,11,0,1,3.009
201902,Winter 2020,CIS 314,314,"Wills, Eric David",53,4,8,5,9,7,8,5,0,1,0,0,0,6,17,24,6,0,6,2.868
201902,Winter 2020,CIS 315,315,"Jiao, Lei",64,0,14,7,6,8,12,4,2,5,1,1,3,1,21,26,11,5,1,2.878
201902,Winter 2020,CIS 330,330,"Choi, Jee Whan",48,20,7,4,2,5,4,1,0,1,0,2,0,2,31,11,2,2,2,3.358
201902,Winter 2020,CIS 410,410,"Childs, Henry Roberts",45,2,25,6,2,3,0,2,5,0,0,0,0,0,33,5,7,0,0,3.564
201902,Winter 2020,CIS 413,413,"Wilson, Christopher",17,1,7,0,1,4,2,0,0,0,0,1,0,1,8,7,0,1,1,3.159
201902,Winter 2020,CIS 422,422,"Hornof, Anthony J",33,2,3,3,9,12,3,0,1,0,0,0,0,0,8,24,1,0,0,3.239
201902,Winter 2020,CIS 433,433,"Li, Jun",25,0,4,6,5,8,1,1,0,0,0,0,0,0,10,14,1,0,0,3.348
201902,Winter 2020,CIS 471,471,"Nguyen, Thanh Hong",21,0,9,5,4,1,2,0,0,0,0,0,0,0,14,7,0,0,0,3.624
201902,Winter 2020,CIS 472,472,"Lowd, Daniel Baruch",26,0,4,7,2,4,2,3,2,1,0,0,0,1,11,8,6,0,1,3.019
201902,Winter 2020,CIS 572,572,"Lowd, Daniel Baruch",11,2,3,3,1,0,1,0,1,0,0,0,0,0,8,2,1,0,0,3.555
201902,Winter 2020,CIS 621,621,"Wilson, Christopher",23,1,17,2,2,1,0,0,0,0,0,0,0,0,20,3,0,0,0,3.87
201903,Spring 2020,CIS 110,110,"Colbert, Phillip Dean",155,5,39,37,11,22,25,6,4,4,0,0,0,2,81,58,14,0,2,3.299
201903,Spring 2020,CIS 111,111,"Little, Ronald Kent",154,57,61,9,9,11,1,2,2,0,0,1,0,1,127,21,4,1,1,3.768
201903,Spring 2020,CIS 122,122,"Wilkins, David A",126,28,52,14,10,5,3,2,4,2,0,0,1,5,94,18,8,1,5,3.529
201903,Spring 2020,CIS 211,211,"Young, Michal Terry",75,6,39,10,3,13,3,0,0,0,0,0,0,1,55,19,0,0,1,3.653
201903,Spring 2020,CIS 212,212,"Sventek, Joseph Sherman",61,9,18,6,10,7,6,1,0,0,0,2,0,2,33,23,1,2,2,3.356
201903,Spring 2020,CIS 315,315,"Wilson, Christopher",51,3,25,10,3,4,2,2,2,0,0,0,0,0,38,9,4,0,0,3.625
201903,Spring 2020,CIS 322,322,"Durairajan, Ramakrishnan",24,1,3,4,5,5,4,0,1,1,0,0,0,0,8,14,2,0,0,3.2
201903,Spring 2020,CIS 330,330,"Choi, Jee Whan",31,2,5,2,7,4,6,1,3,1,0,0,0,0,9,17,5,0,0,3.119
201903,Spring 2020,CIS 399,399,"Sane, Sudhanshu Sanjay",15,0,6,3,0,2,4,0,0,0,0,0,0,0,9,6,0,0,0,3.46
201903,Spring 2020,CIS 410,410,"Li, Yingjiu",7,0,4,2,1,0,0,0,0,0,0,0,0,0,6,1,0,0,0,3.814
201903,Spring 2020,CIS 410,410,"Wills, Eric David",44,3,19,5,11,2,3,1,0,0,0,0,0,0,27,16,1,0,0,3.618
201903,Spring 2020,CIS 415,415,"Malony, Allen",22,0,7,2,1,2,3,2,1,3,0,1,0,0,9,6,6,1,0,2.977
201903,Spring 2020,CIS 422,422,"Hornof, Anthony J",27,0,8,4,4,8,2,1,0,0,0,0,0,0,12,14,1,0,0,3.396
201903,Spring 2020,CIS 425,425,"Ariola, Zena",45,9,8,13,3,5,2,0,2,3,0,0,0,0,30,10,5,0,0,3.456
201903,Spring 2020,CIS 472,472,"Nguyen, Thien Huu",8,2,3,0,0,2,1,0,0,0,0,0,0,0,5,3,0,0,0,3.588
201903,Spring 2020,CIS 572,572,"Nguyen, Thien Huu",11,2,3,0,2,3,1,0,0,0,0,0,0,0,5,6,0,0,0,3.482
201903,Spring 2020,CIS 630,630,"Rejaie, Reza",12,2,2,3,3,1,1,0,0,0,0,0,0,0,7,5,0,0,0,3.558
201904,Summer 2020,CIS 110,110,"Gowda, Nithin Krishna",32,1,17,5,1,1,1,2,4,0,0,0,0,0,23,3,6,0,0,3.503
201904,Summer 2020,CIS 111,111,"Little, Ronald Kent",37,5,14,7,2,5,0,1,2,0,0,0,0,1,26,7,3,0,1,3.508
201904,Summer 2020,CIS 122,122,"Guzman Nateras, Luis Fernando",32,2,8,11,5,4,0,0,0,0,0,0,1,1,21,9,0,1,1,3.434
201904,Summer 2020,CIS 399,399,"Augustine, Charles Martel",19,10,3,1,2,1,0,1,1,0,0,0,0,0,14,3,2,0,0,3.663
202001,Fall 2020,CIS 110,110,"Flores, Juan Jose",135,4,28,8,19,20,24,8,11,6,3,2,1,1,40,63,25,6,1,2.98
202001,Fall 2020,CIS 122,122,"Colbert, Phillip Dean",152,3,40,39,13,29,13,2,8,2,0,0,1,2,82,55,12,1,2,3.329
202001,Fall 2020,CIS 210,210,"Freeman Hennessy, Kathleen",134,10,34,17,13,26,7,6,8,2,1,3,0,7,61,46,16,4,7,3.106
202001,Fall 2020,CIS 212,212,"Sventek, Joseph Sherman",71,12,18,8,13,11,5,2,2,0,0,0,0,0,38,29,4,0,0,3.487
202001,Fall 2020,CIS 313,313,"Lowd, Daniel Baruch",65,3,11,13,14,10,7,3,1,1,0,0,0,2,27,31,5,0,2,3.228
202001,Fall 2020,CIS 314,314,"Wills, Eric David",63,4,17,17,6,11,6,0,1,0,0,0,1,0,38,23,1,1,0,3.47
202001,Fall 2020,CIS 322,322,"Durairajan, Ramakrishnan",26,1,3,2,1,4,8,1,2,2,0,0,2,0,6,13,5,2,0,2.746
202001,Fall 2020,CIS 415,415,"Malony, Allen",30,0,6,3,5,8,3,2,1,1,0,0,0,1,9,16,4,0,1,3.067
202001,Fall 2020,CIS 420,420,"Wilson, Christopher",14,3,5,1,2,3,0,0,0,0,0,0,0,0,9,5,0,0,0,3.664
202001,Fall 2020,CIS 422,422,"Young, Michal Terry",28,2,14,9,0,3,0,0,0,0,0,0,0,0,25,3,0,0,0,3.796
202001,Fall 2020,CIS 425,425,"Ariola, Zena",49,1,24,0,5,5,4,4,3,2,0,0,0,1,25,14,9,0,1,3.284
202001,Fall 2020,CIS 432,432,"Li, Jun",11,0,2,1,1,3,2,2,0,0,0,0,0,0,3,6,2,0,0,3.091
202001,Fall 2020,CIS 443,443,"Hornof, Anthony J",9,2,0,1,1,1,2,1,1,0,0,0,0,0,3,4,2,0,0,3.078
202001,Fall 2020,CIS 451,451,"Wilson, Christopher",31,3,14,6,6,2,0,0,0,0,0,0,0,0,23,8,0,0,0,3.742
202001,Fall 2020,CIS 471,471,"Nguyen, Thanh Hong",25,0,8,6,7,1,2,0,0,1,0,0,0,0,14,10,1,0,0,3.496
202001,Fall 2020,CIS 472,472,"Shi, Honghui",10,0,3,3,3,1,0,0,0,0,0,0,0,0,6,4,0,0,0,3.6
202001,Fall 2020,CIS 572,572,"Shi, Honghui",11,0,5,2,1,0,0,0,2,0,0,0,0,1,7,1,2,0,1,3.155
202001,Fall 2020,CIS 631,631,"Choi, Jee Whan",16,1,3,2,3,4,1,0,1,1,0,0,0,0,6,8,2,0,0,3.231
202002,Winter 2021,CIS 111,111,"Colbert, Phillip Dean",145,34,15,36,11,7,19,5,3,4,0,3,1,7,85,37,12,4,7,3.212
202002,Winter 2021,CIS 210,210,"Erickson, Brittany Angela",130,5,41,15,10,24,13,5,5,1,2,4,0,5,61,47,11,6,5,3.149
202002,Winter 2021,CIS 211,211,"Young, Michal Terry",97,4,63,0,3,10,0,0,10,0,0,7,0,0,67,13,10,7,0,3.453
202002,Winter 2021,CIS 313,313,"Nguyen, Thien Huu",61,1,12,8,7,10,11,2,7,0,1,0,0,2,21,28,9,1,2,3.021
202002,Winter 2021,CIS 314,314,"Wills, Eric David",64,4,18,16,2,10,9,1,0,2,0,0,0,2,38,21,3,0,2,3.341
202002,Winter 2021,CIS 315,315,"Jiao, Lei",59,2,4,4,13,16,6,5,4,2,2,1,0,0,10,35,11,3,0,2.922
202002,Winter 2021,CIS 330,330,"Choi, Jee Whan",51,3,2,6,8,11,5,5,7,1,1,0,0,2,11,24,13,1,2,2.816
202002,Winter 2021,CIS 399,399,"Li, Yingjiu",10,0,1,4,3,1,1,0,0,0,0,0,0,0,5,5,0,0,0,3.44
202002,Winter 2021,CIS 410,410,"Nguyen, Thien Huu",10,0,1,1,3,0,3,0,0,2,0,0,0,0,2,6,2,0,0,2.91
202002,Winter 2021,CIS 413,413,"Wilson, Christopher",19,2,4,3,7,1,1,0,1,0,0,0,0,0,9,9,1,0,0,3.468
202002,Winter 2021,CIS 422,422,"Flores, Juan Jose",40,2,13,6,7,9,3,0,0,0,0,0,0,0,21,19,0,0,0,3.51
202002,Winter 2021,CIS 433,433,"Li, Jun",37,0,4,7,14,8,1,0,1,0,1,1,0,0,11,23,1,2,0,3.219
202002,Winter 2021,CIS 471,471,"Nguyen, Thanh Hong",33,0,12,6,7,6,2,0,0,0,0,0,0,0,18,15,0,0,0,3.536
202002,Winter 2021,CIS 473,473,"Lowd, Daniel Baruch",22,1,3,3,3,2,3,3,1,2,0,0,0,1,7,8,6,0,1,2.882
202002,Winter 2021,CIS 573,573,"Lowd, Daniel Baruch",13,1,3,4,2,1,2,0,0,0,0,0,0,0,8,5,0,0,0,3.523
202002,Winter 2021,CIS 621,621,"Wilson, Christopher",11,1,4,1,0,2,3,0,0,0,0,0,0,0,6,5,0,0,0,3.436
202003,Spring 2021,CIS 122,122,"Flores, Juan Jose",148,7,36,23,19,12,11,7,9,2,2,3,2,15,66,42,18,7,15,2.905
202003,Spring 2021,CIS 211,211,"Young, Michal Terry",100,4,55,3,6,9,3,0,11,0,0,2,0,7,62,18,11,2,7,3.26
202003,Spring 2021,CIS 212,212,"Sventek, Joseph Sherman",78,6,24,9,12,3,3,3,2,4,1,0,2,9,39,18,9,3,9,2.954
202003,Spring 2021,CIS 315,315,"Wilson, Christopher",57,2,10,7,9,12,1,2,6,4,0,0,0,4,19,22,12,0,4,2.907
202003,Spring 2021,CIS 322,322,"Shi, Honghui",31,12,7,2,2,0,0,1,1,0,2,1,0,3,21,2,2,3,3,3.158
202003,Spring 2021,CIS 330,330,"Choi, Jee Whan",53,7,10,3,7,6,3,5,5,1,1,1,0,4,20,16,11,2,4,2.902
202003,Spring 2021,CIS 410,410,"Wills, Eric David",55,5,29,9,8,3,0,1,0,0,0,0,0,0,43,11,1,0,0,3.764
202003,Spring 2021,CIS 415,415,"Malony, Allen",44,0,8,4,7,8,6,4,3,1,1,0,0,2,12,21,8,1,2,2.916
202003,Spring 2021,CIS 422,422,"Hornof, Anthony J",17,1,4,4,4,1,2,1,0,0,0,0,0,0,9,7,1,0,0,3.453
202003,Spring 2021,CIS 425,425,"Ariola, Zena",56,0,8,8,10,12,0,8,4,2,0,2,0,2,16,22,14,2,2,2.9
202003,Spring 2021,CIS 441,441,"Childs, Henry Roberts",29,2,12,7,3,0,1,0,0,0,0,0,0,4,21,4,0,0,4,3.259
202003,Spring 2021,CIS 472,472,"Nguyen, Thien Huu",24,2,12,6,2,1,0,0,0,0,0,0,0,1,20,3,0,0,1,3.658
202003,Spring 2021,CIS 510,510,"Fickas, Stephen F",8,5,0,1,1,1,0,0,0,0,0,0,0,0,6,2,0,0,0,3.75
202003,Spring 2021,CIS 630,630,"Durairajan, Ramakrishnan",11,0,3,1,1,4,1,0,0,0,0,0,1,0,4,6,0,1,0,3.127
202003,Spring 2021,CIS 670,670,"Lowd, Daniel Baruch",25,0,17,7,1,0,0,0,0,0,0,0,0,0,24,1,0,0,0,3.888
202004,Summer 2021,CIS 110,110,"Flores, Juan Jose",17,0,2,4,2,2,3,1,1,0,0,1,0,1,6,7,2,1,1,2.871
202004,Summer 2021,CIS 111,111,"Flores, Juan Jose",13,1,1,2,3,2,1,0,0,0,0,1,0,2,4,6,0,1,2,2.692
202004,Summer 2021,CIS 122,122,"Guzman Nateras, Luis Fernando",18,4,2,3,5,0,1,0,0,0,0,0,0,3,9,6,0,0,3,3.017
202004,Summer 2021,CIS 199,199,"Matthews, Kelli Irene",45,28,6,2,2,4,0,1,0,0,0,2,0,0,36,6,1,2,0,3.696
202004,Summer 2021,CIS 399,399,"Augustine, Charles Martel",16,0,1,1,2,4,1,1,0,2,0,1,0,3,2,7,3,1,3,2.231
202101,Fall 2021,CIS 102,102,"Li, Yingjiu",25,0,3,3,0,3,8,2,0,3,0,0,0,3,6,11,5,0,3,2.536
202101,Fall 2021,CIS 110,110,"Wilkins, David A",225,22,130,17,11,18,10,0,4,2,0,5,1,5,169,39,6,6,5,3.579
202101,Fall 2021,CIS 111,111,"Flores, Juan Jose",34,0,3,8,4,3,6,1,2,2,0,0,0,5,11,13,5,0,5,2.638
202101,Fall 2021,CIS 122,122,"Colbert, Phillip Dean",146,11,69,22,22,0,6,6,0,4,0,0,3,3,102,28,10,3,3,3.513
202101,Fall 2021,CIS 210,210,"Norris, Boyana Radenska",140,91,16,7,5,3,2,1,3,2,1,0,2,7,114,10,6,3,7,3.566
202101,Fall 2021,CIS 212,212,"Sventek, Joseph Sherman",94,14,22,14,7,12,10,2,3,2,1,0,1,6,50,29,7,2,6,3.169
202101,Fall 2021,CIS 313,313,"Lowd, Daniel Baruch",58,4,13,8,6,8,7,1,6,1,1,0,1,2,25,21,8,2,2,3.074
202101,Fall 2021,CIS 314,314,"Wills, Eric David",55,4,23,5,10,6,3,2,0,0,0,0,1,1,32,19,2,1,1,3.471
202101,Fall 2021,CIS 322,322,"Durairajan, Ramakrishnan",19,1,3,0,0,4,3,2,2,2,0,0,0,2,4,7,6,0,2,2.532
202101,Fall 2021,CIS 415,415,"Malony, Allen",44,0,8,6,5,15,4,1,3,1,0,1,0,0,14,24,5,1,0,3.125
202101,Fall 2021,CIS 422,422,"Flores, Juan Jose",30,1,9,10,4,5,0,0,0,0,0,0,0,1,20,9,0,0,1,3.507
202101,Fall 2021,CIS 425,425,"Ariola, Zena",42,7,4,4,6,5,0,0,4,2,0,5,0,5,15,11,6,5,5,2.619
202101,Fall 2021,CIS 431,431,"Choi, Jee Whan",11,0,1,4,2,1,2,0,1,0,0,0,0,0,5,5,1,0,0,3.255
202101,Fall 2021,CIS 432,432,"Li, Jun",21,0,3,0,2,3,6,2,1,4,0,0,0,0,3,11,7,0,0,2.724
202101,Fall 2021,CIS 443,443,"Hornof, Anthony J",14,2,2,1,0,3,2,3,0,1,0,0,0,0,5,5,4,0,0,3.05
202101,Fall 2021,CIS 451,451,"Wilson, Christopher",32,2,17,7,4,1,1,0,0,0,0,0,0,0,26,6,0,0,0,3.775
202101,Fall 2021,CIS 471,471,"Nguyen, Thanh Hong",28,0,5,7,8,5,1,2,0,0,0,0,0,0,12,14,2,0,0,3.379
202101,Fall 2021,CIS 571,571,"Nguyen, Thanh Hong",19,0,7,3,5,2,0,2,0,0,0,0,0,0,10,7,2,0,0,3.484
202102,Winter 2022,CIS 110,110,"Wilkins, David A",167,35,88,8,1,8,2,0,5,5,0,1,1,13,131,11,10,2,13,3.44
202102,Winter 2022,CIS 111,111,"Flores, Juan Jose",119,28,16,12,8,13,6,7,7,5,3,2,0,12,56,27,19,5,12,2.912
202102,Winter 2022,CIS 122,122,"Freeman Hennessy, Kathleen",92,2,15,7,5,16,7,8,11,6,0,8,0,7,24,28,25,8,7,2.564
202102,Winter 2022,CIS 210,210,"Flores, Juan Jose",116,42,26,9,11,9,5,1,1,2,0,1,0,9,77,25,4,1,9,3.369
202102,Winter 2022,CIS 211,211,"Norris, Boyana Radenska",105,23,36,9,8,11,8,1,5,0,0,0,0,4,68,27,6,0,4,3.453
202102,Winter 2022,CIS 313,313,"Nguyen, Thien Huu",63,4,17,10,15,7,5,4,1,0,0,0,0,0,31,27,5,0,0,3.432
202102,Winter 2022,CIS 314,314,"Wills, Eric David",66,3,16,16,10,7,3,2,3,1,0,0,0,5,35,20,6,0,5,3.176
202102,Winter 2022,CIS 315,315,"Jiao, Lei",52,2,3,7,3,8,10,9,3,4,0,1,2,0,12,21,16,3,0,2.744
202102,Winter 2022,CIS 330,330,"Choi, Jee Whan",46,2,7,7,5,5,5,2,6,1,1,1,1,3,16,15,9,3,3,2.787
202102,Winter 2022,CIS 333,333,"Li, Yingjiu",26,0,6,5,3,3,4,3,1,0,0,0,0,1,11,10,4,0,1,3.119
202102,Winter 2022,CIS 410,410,"Childs, Henry Roberts",42,4,9,4,9,10,2,2,0,1,0,0,0,1,17,21,3,0,1,3.29
202102,Winter 2022,CIS 413,413,"Wilson, Christopher",23,5,4,3,4,4,0,0,2,0,0,0,0,1,12,8,2,0,1,3.317
202102,Winter 2022,CIS 422,422,"Hornof, Anthony J",33,1,4,6,5,4,1,6,4,1,0,0,0,1,11,10,11,0,1,2.936
202102,Winter 2022,CIS 423,423,"Fickas, Stephen F",12,5,4,0,1,1,0,0,1,0,0,0,0,0,9,2,1,0,0,3.692
202102,Winter 2022,CIS 433,433,"Li, Jun",19,1,3,7,2,3,2,0,0,0,0,0,0,1,11,7,0,0,1,3.311
202102,Winter 2022,CIS 472,472,"Shi, Honghui",18,2,2,5,4,5,0,0,0,0,0,0,0,0,9,9,0,0,0,3.483
202102,Winter 2022,CIS 572,572,"Shi, Honghui",22,8,10,2,0,0,0,0,1,0,0,0,0,1,20,0,1,0,1,3.7
202102,Winter 2022,CIS 631,631,"Malony, Allen",14,0,4,3,3,3,0,0,0,0,0,1,0,0,7,6,0,1,0,3.357
202103,Spring 2022,CIS 110,110,"Flores, Juan Jose",108,0,3,5,14,10,24,14,8,6,5,3,3,13,8,48,28,11,13,2.236
202103,Spring 2022,CIS 111,111,"Flores, Juan Jose",82,4,6,12,0,11,8,5,9,5,1,3,0,18,22,19,19,4,18,2.211
202103,Spring 2022,CIS 122,122,"Freeman Hennessy, Kathleen",97,1,17,14,7,17,7,3,11,2,0,1,0,17,32,31,16,1,17,2.578
202103,Spring 2022,CIS 211,211,"Young, Michal Terry",75,6,20,6,5,11,1,0,7,6,0,6,0,7,32,17,13,6,7,2.781
202103,Spring 2022,CIS 212,212,"Childs, Henry Roberts",107,1,25,12,13,15,13,7,6,5,0,3,0,7,38,41,18,3,7,2.907
202103,Spring 2022,CIS 315,315,"Wilson, Christopher",55,6,9,3,4,9,6,1,8,2,0,1,0,6,18,19,11,1,6,2.731
202103,Spring 2022,CIS 330,330,"Choi, Jee Whan",56,6,3,2,2,10,6,6,3,8,2,2,1,5,11,18,17,5,5,2.409
202103,Spring 2022,CIS 410,410,"Nguyen, Thanh Hong",12,1,5,0,2,1,0,1,1,1,0,0,0,0,6,3,3,0,0,3.3
202103,Spring 2022,CIS 410,410,"Wills, Eric David",56,3,24,19,1,7,1,0,1,0,0,0,0,0,46,9,1,0,0,3.702
202103,Spring 2022,CIS 415,415,"Sventek, Joseph Sherman",41,5,13,5,5,2,4,2,3,1,0,0,0,1,23,11,6,0,1,3.32
202103,Spring 2022,CIS 422,422,"Hornof, Anthony J",23,2,0,1,2,3,3,5,1,0,0,1,0,5,3,8,6,1,5,2.17
202103,Spring 2022,CIS 425,425,"Ariola, Zena",66,2,5,9,14,12,5,5,2,2,0,1,0,9,16,31,9,1,9,2.68
202103,Spring 2022,CIS 436,436,"Li, Yingjiu",27,0,10,7,4,2,3,0,0,0,0,0,0,1,17,9,0,0,1,3.452
202103,Spring 2022,CIS 472,472,"Nguyen, Thien Huu",10,1,4,2,2,1,0,0,0,0,0,0,0,0,7,3,0,0,0,3.7
202103,Spring 2022,CIS 670,670,"Lowd, Daniel Baruch",30,0,12,8,4,1,1,0,1,0,0,0,0,3,20,6,1,0,3,3.283
202104,Summer 2022,CIS 111,111,"Colbert, Phillip Dean",53,3,12,8,5,10,2,5,3,0,0,2,0,3,23,17,8,2,3,3.038
202104,Summer 2022,CIS 122,122,"Hall, Jared Wayne",10,4,2,1,0,2,0,1,0,0,0,0,0,0,7,2,1,0,0,3.6
202201,Fall 2022,CS 102,102,"Li, Yingjiu",34,2,4,4,4,6,4,3,3,2,0,1,0,1,10,14,8,1,1,2.885
202201,Fall 2022,CS 110,110,"Flores, Juan Jose",148,2,30,23,21,16,20,11,6,7,1,2,1,8,55,57,24,4,8,2.957
202201,Fall 2022,CS 111,111,"Colbert, Phillip Dean",147,10,37,19,20,17,16,4,6,5,3,2,4,4,66,53,15,9,4,3.108
202201,Fall 2022,CS 122,122,"Freeman Hennessy, Kathleen",168,7,46,11,11,29,19,10,17,8,4,4,2,0,64,59,35,10,0,3.027
202201,Fall 2022,CS 210,210,"Young, Michal Terry",170,7,23,6,11,17,46,9,16,23,0,2,0,10,36,74,48,2,10,2.632
202201,Fall 2022,CS 212,212,"Childs, Henry Roberts",100,5,29,7,16,16,11,3,2,3,1,1,1,5,41,43,8,3,5,3.114
202201,Fall 2022,CS 313,313,"Lowd, Daniel Baruch",76,2,8,12,12,12,10,9,3,4,1,0,0,3,22,34,16,1,3,2.918
202201,Fall 2022,CS 314,314,"Wills, Eric David",82,16,34,11,5,9,0,2,1,1,0,1,0,2,61,14,4,1,2,3.579
202201,Fall 2022,CS 415,415,"Sventek, Joseph Sherman",34,1,8,4,4,8,2,0,2,3,0,0,0,2,13,14,5,0,2,3.015
202201,Fall 2022,CS 422,422,"Flores, Juan Jose",27,0,4,3,3,5,4,3,5,0,0,0,0,0,7,12,8,0,0,2.952
202201,Fall 2022,CS 425,425,"Ariola, Zena",45,3,6,6,10,10,7,0,0,1,0,0,0,2,15,27,1,0,2,3.151
202201,Fall 2022,CS 432,432,"Durairajan, Ramakrishnan",23,1,2,4,2,3,2,2,3,0,0,0,0,4,7,7,5,0,4,2.539
202201,Fall 2022,CS 443,443,"Hornof, Anthony J",16,0,2,2,1,2,2,3,1,0,0,2,0,1,4,5,4,2,1,2.562
202201,Fall 2022,CS 471,471,"Nguyen, Thanh Hong",28,0,5,9,5,7,1,0,0,0,1,0,0,0,14,13,0,1,0,3.386
202201,Fall 2022,CS 571,571,"Nguyen, Thanh Hong",11,0,4,4,2,1,0,0,0,0,0,0,0,0,8,3,0,0,0,3.673
202201,Fall 2022,CS 607,607,"Childs, Henry Roberts",12,0,6,1,1,0,1,0,1,0,0,0,0,2,7,2,1,0,2,2.975
202201,Fall 2022,CS 621,621,"Wilson, Christopher",23,1,8,3,5,3,2,0,0,0,0,0,0,1,12,10,0,0,1,3.391
202202,Winter 2023,CS 110,110,"Wilkins, David A",213,21,79,52,13,15,8,4,3,4,2,1,0,11,152,36,11,3,11,3.415
202202,Winter 2023,CS 111,111,"Flores, Juan Jose",135,8,14,19,13,23,12,16,10,4,3,2,2,9,41,48,30,7,9,2.767
202202,Winter 2023,CS 122,122,"Colbert, Phillip Dean",126,32,42,21,6,7,8,2,2,2,0,1,0,3,95,21,6,1,3,3.564
202202,Winter 2023,CS 210,210,"Flores, Juan Jose",162,52,37,20,18,13,7,6,3,0,0,0,0,6,109,38,9,0,6,3.501
202202,Winter 2023,CS 211,211,"Young, Michal Terry",135,9,39,8,13,10,20,0,10,10,0,10,0,6,56,43,20,10,6,2.93
202202,Winter 2023,CS 313,313,"Nguyen, Thien Huu",47,2,15,12,6,6,4,0,1,1,0,0,0,0,29,16,2,0,0,3.504
202202,Winter 2023,CS 314,314,"Wills, Eric David",75,5,27,17,11,10,0,3,0,1,0,0,0,1,49,21,4,0,1,3.544
202202,Winter 2023,CS 315,315,"Jiao, Lei",51,1,4,1,9,5,11,9,5,2,2,1,0,1,6,25,16,3,1,2.663
202202,Winter 2023,CS 322,322,"Shi, Honghui",32,8,10,3,5,2,2,1,0,0,0,0,0,1,21,9,1,0,1,3.541
202202,Winter 2023,CS 330,330,"Dario, Anthony Richard",71,5,10,12,7,12,7,2,9,1,1,3,0,2,27,26,12,4,2,2.972
202202,Winter 2023,CS 333,333,"Li, Yingjiu",37,0,5,13,5,8,3,1,0,1,0,0,0,1,18,16,2,0,1,3.262
202202,Winter 2023,CS 422,422,"Hornof, Anthony J",29,2,5,5,4,5,4,3,0,0,0,1,0,0,12,13,3,1,0,3.221
202202,Winter 2023,CS 441,441,"Childs, Henry Roberts",43,8,22,2,3,4,0,0,0,2,0,1,0,1,32,7,2,1,1,3.574
202202,Winter 2023,CS 451,451,"Wilson, Christopher",57,1,39,4,3,6,3,0,0,0,0,1,0,0,44,12,0,1,0,3.716
202202,Winter 2023,CS 472,472,"Shi, Honghui",27,8,10,2,1,2,1,1,0,0,0,0,0,2,20,4,1,0,2,3.47
202202,Winter 2023,CS 541,541,"Childs, Henry Roberts",11,4,3,1,1,1,0,0,0,0,0,1,0,0,8,2,0,1,0,3.545
202202,Winter 2023,CS 551,551,"Wilson, Christopher",17,1,11,0,2,3,0,0,0,0,0,0,0,0,12,5,0,0,0,3.741
202202,Winter 2023,CS 632,632,"Durairajan, Ramakrishnan",10,2,1,1,3,0,0,0,2,0,0,0,0,1,4,3,2,0,1,2.96
202202,Winter 2023,CS 670,670,"Lowd, Daniel Baruch",14,0,6,3,3,0,0,0,0,0,0,0,0,2,9,3,0,0,2,3.214
202203,Spring 2023,CS 110,110,"Wilkins, David A",188,45,64,25,13,17,10,4,3,2,0,1,2,2,134,40,9,3,2,3.566
202203,Spring 2023,CS 111,111,"Hennessy, Michael Shane",127,14,32,9,5,25,3,3,18,7,0,2,1,8,55,33,28,3,8,2.948
202203,Spring 2023,CS 122,122,"Freeman Hennessy, Kathleen",116,3,23,6,6,29,5,7,10,4,6,5,1,11,32,40,21,12,11,2.611
202203,Spring 2023,CS 211,211,"Flores, Juan Jose",140,2,22,17,24,32,18,10,6,3,1,1,0,4,41,74,19,2,4,3.036
202203,Spring 2023,CS 212,212,"Colbert, Phillip Dean",112,10,30,13,10,6,17,3,9,5,0,0,0,9,53,33,17,0,9,3.021
202203,Spring 2023,CS 315,315,"Jiao, Lei",60,2,4,6,7,9,10,6,4,5,3,0,1,3,12,26,15,4,3,2.637
202203,Spring 2023,CS 330,330,"McLaughlin, Joseph Clevenger",83,14,12,13,16,8,12,4,3,1,0,0,0,0,39,36,8,0,0,3.352
202203,Spring 2023,CS 410,410,"Wills, Eric David",59,3,40,11,2,2,1,0,0,0,0,0,0,0,54,5,0,0,0,3.864
202203,Spring 2023,CS 413,413,"Wilson, Christopher",24,2,8,3,4,6,1,0,0,0,0,0,0,0,13,11,0,0,0,3.542
202203,Spring 2023,CS 415,415,"Sventek, Joseph Sherman",61,18,12,7,4,0,7,2,5,3,0,0,0,3,37,11,10,0,3,3.241
202203,Spring 2023,CS 422,422,"Flores, Juan Jose",30,0,3,0,12,8,4,2,0,0,0,0,0,1,3,24,2,0,1,3.033
202203,Spring 2023,CS 425,425,"Ariola, Zena",45,0,7,8,7,12,0,3,4,1,0,1,0,2,15,19,8,1,2,2.984
202203,Spring 2023,CS 433,433,"Li, Yingjiu",19,0,5,11,1,0,2,0,0,0,0,0,0,0,16,3,0,0,0,3.653
202203,Spring 2023,CS 472,472,"Nguyen, Thien Huu",18,1,0,4,5,4,1,1,1,0,0,0,0,1,5,10,2,0,1,3.017
202203,Spring 2023,CS 513,513,"Wilson, Christopher",9,3,1,1,1,2,1,0,0,0,0,0,0,0,5,4,0,0,0,3.522
202203,Spring 2023,CS 630,630,"Durairajan, Ramakrishnan",20,3,4,4,2,5,0,0,0,0,0,1,0,1,11,7,0,1,1,3.27
202204,Summer 2023,CS 110,110,"Flores, Juan Jose",26,0,0,3,3,4,1,2,3,0,1,4,0,5,3,8,5,5,5,1.985
202204,Summer 2023,CS 111,111,"Stewart, Lindy M",37,10,16,0,2,4,0,2,2,0,0,0,0,1,26,6,4,0,1,3.546
202204,Summer 2023,CS 122,122,"Colbert, Phillip Dean",26,3,2,3,3,5,0,1,2,2,0,0,0,5,8,8,5,0,5,2.527
202204,Summer 2023,CS 399,399,"Miller, Dennis R",22,11,5,0,4,0,2,0,0,0,0,0,0,0,16,6,0,0,0,3.755
202301,Fall 2023,CS 102,102,"Li, Yingjiu",83,5,9,27,13,9,13,5,2,0,0,0,0,0,41,35,7,0,0,3.33
202301,Fall 2023,CS 110,110,"Wilkins, David A",195,47,61,32,23,16,10,2,1,3,0,0,0,0,140,49,6,0,0,3.656
202301,Fall 2023,CS 111,111,"Flores, Juan Jose",61,1,3,2,2,9,7,7,10,7,1,7,0,5,6,18,24,8,5,2.167
202301,Fall 2023,CS 122,122,"Colbert, Phillip Dean",185,28,80,26,22,10,6,3,3,3,1,0,0,3,134,38,9,1,3,3.602
202301,Fall 2023,CS 210,210,"Young, Michal Terry",166,8,37,3,16,27,12,11,30,13,0,9,0,0,48,55,54,9,0,2.854
202301,Fall 2023,CS 212,212,"Childs, Henry Roberts",138,3,32,13,25,14,14,9,8,7,7,2,1,3,48,53,24,10,3,2.977
202301,Fall 2023,CS 313,313,"Lowd, Daniel Baruch",75,4,11,7,7,11,6,9,10,6,0,0,0,4,22,24,25,0,4,2.788
202301,Fall 2023,CS 314,314,"Wills, Eric David",85,4,26,18,14,9,5,1,1,2,0,1,0,4,48,28,4,1,4,3.318
202301,Fall 2023,CS 322,322,"Hassani, Ali",30,6,7,3,4,2,2,0,2,1,1,0,1,1,16,8,3,2,1,3.18
202301,Fall 2023,CS 415,415,"Malony, Allen",58,0,5,6,7,14,6,3,11,3,0,1,0,2,11,27,17,1,2,2.733
202301,Fall 2023,CS 420,420,"Wilson, Christopher",13,0,5,1,3,2,1,0,0,0,0,0,0,1,6,6,0,0,1,3.254
202301,Fall 2023,CS 422,422,"Flores, Juan Jose",27,1,3,5,8,2,2,1,3,2,0,0,0,0,9,12,6,0,0,3.111
202301,Fall 2023,CS 425,425,"Antoy, Sergio",37,9,5,4,0,5,4,1,0,3,0,3,0,3,18,9,4,3,3,2.892
202301,Fall 2023,CS 431,431,"Choi, Jee Whan",15,0,2,2,1,3,3,0,2,0,0,0,0,2,4,7,2,0,2,2.653
202301,Fall 2023,CS 432,432,"Li, Jun",35,0,3,10,5,5,3,5,2,0,1,0,1,0,13,13,7,2,0,3.031
202301,Fall 2023,CS 443,443,"Hornof, Anthony J",12,0,3,4,1,1,1,0,2,0,0,0,0,0,7,3,2,0,0,3.317
202301,Fall 2023,CS 471,471,"Nguyen, Thanh Hong",24,0,8,7,2,5,2,0,0,0,0,0,0,0,15,9,0,0,0,3.538
202301,Fall 2023,CS 531,531,"Choi, Jee Whan",10,2,2,2,2,0,1,1,0,0,0,0,0,0,6,3,1,0,0,3.5
202301,Fall 2023,CS 532,532,"Li, Jun",12,3,2,1,2,3,0,1,0,0,0,0,0,0,6,5,1,0,0,3.467
202301,Fall 2023,CS 621,621,"Jiao, Lei",12,5,3,3,1,0,0,0,0,0,0,0,0,0,11,1,0,0,0,3.867
202302,Winter 2024,CS 102,102,"Carrere, Daniel Austin",87,16,17,19,9,7,7,1,1,1,2,0,0,7,52,23,3,2,7,3.224
202302,Winter 2024,CS 110,110,"Childs, Henry Roberts",175,8,41,22,26,25,15,9,11,3,3,3,3,6,71,66,23,9,6,3.06
202302,Winter 2024,CS 111,111,"Colbert, Phillip Dean",271,26,88,57,27,13,11,7,12,8,0,5,1,16,171,51,27,6,16,3.262
202302,Winter 2024,CS 122,122,"Stewart, Lindy M",91,32,36,0,0,10,0,0,5,0,0,1,0,7,68,10,5,1,7,3.44
202302,Winter 2024,CS 210,210,"Flores, Juan Jose",153,6,14,14,27,32,23,15,9,3,2,2,1,5,34,82,27,5,5,2.888
202302,Winter 2024,CS 211,211,"Young, Michal Terry",139,7,50,5,5,27,18,0,15,8,0,4,0,0,62,50,23,4,0,3.167
202302,Winter 2024,CS 313,313,"Nguyen, Thien Huu",69,12,24,18,7,7,1,0,0,0,0,0,0,0,54,15,0,0,0,3.73
202302,Winter 2024,CS 314,314,"Wills, Eric David",83,8,31,16,15,9,4,0,0,0,0,0,0,0,55,28,0,0,0,3.645
202302,Winter 2024,CS 315,315,"Jiao, Lei",70,3,10,5,5,9,11,12,8,4,1,1,1,0,18,25,24,3,0,2.816
202302,Winter 2024,CS 330,330,"Choi, Jee Whan",48,3,11,4,3,8,2,7,2,1,0,1,2,4,18,13,10,3,4,2.798
202302,Winter 2024,CS 333,333,"Li, Yingjiu",50,3,11,10,6,5,6,5,1,1,1,0,0,1,24,17,7,1,1,3.21
202302,Winter 2024,CS 399,399,"Johnson, Annaliese Hope",10,3,3,1,0,0,0,1,0,0,0,0,0,2,7,0,1,0,2,3.0
202302,Winter 2024,CS 410,410,"Carrere, Daniel Austin",20,3,6,3,7,0,0,0,0,0,0,0,0,1,12,7,0,0,1,3.51
202302,Winter 2024,CS 410,410,"Erickson, Brittany Angela",12,0,3,4,2,1,1,0,1,0,0,0,0,0,7,4,1,0,0,3.425
202302,Winter 2024,CS 422,422,"Hornof, Anthony J",32,2,3,4,5,9,7,1,1,0,0,0,0,0,9,21,2,0,0,3.172
202302,Winter 2024,CS 429,429,"Flores, Juan Jose",17,0,5,6,4,1,0,1,0,0,0,0,0,0,11,5,1,0,0,3.571
202302,Winter 2024,CS 433,433,"Li, Jun",44,0,15,19,5,3,1,0,1,0,0,0,0,0,34,9,1,0,0,3.648
202302,Winter 2024,CS 533,533,"Li, Jun",18,1,7,9,1,0,0,0,0,0,0,0,0,0,17,1,0,0,0,3.811
202302,Winter 2024,CS 631,631,"Malony, Allen",20,0,8,5,2,4,0,0,1,0,0,0,0,0,13,6,1,0,0,3.555
202303,Spring 2024,CS 102,102,"Carrere, Daniel Austin",93,23,22,17,9,5,4,1,3,2,0,0,1,6,62,18,6,1,6,3.342
202303,Spring 2024,CS 110,110,"Flores, Juan Jose",50,1,8,7,7,11,2,4,4,3,1,2,0,0,16,20,11,3,0,2.98
202303,Spring 2024,CS 110,110,"Hall, Jared Wayne",146,49,61,11,4,6,1,1,5,0,0,1,2,5,121,11,6,3,5,3.625
202303,Spring 2024,CS 110,110,"Wilkins, David A",17,3,11,3,0,0,0,0,0,0,0,0,0,0,17,0,0,0,0,3.947
202303,Spring 2024,CS 111,111,"Stewart, Lindy M",131,26,65,0,1,25,0,0,8,0,0,2,0,4,91,26,8,2,4,3.514
202303,Spring 2024,CS 122,122,"Freeman Hennessy, Kathleen",83,3,6,7,4,17,9,4,14,3,1,2,2,11,16,30,21,5,11,2.378
202303,Spring 2024,CS 211,211,"Flores, Juan Jose",131,5,7,15,12,23,20,13,11,6,3,5,2,9,27,55,30,10,9,2.584
202303,Spring 2024,CS 212,212,"Childs, Henry Roberts",123,7,29,11,13,16,16,9,2,9,2,0,1,8,47,45,20,3,8,2.944
202303,Spring 2024,CS 315,315,"Jiao, Lei",59,9,3,20,6,15,4,2,0,0,0,0,0,0,32,25,2,0,0,3.427
202303,Spring 2024,CS 322,322,"Durairajan, Ramakrishnan",44,0,5,2,8,4,10,7,3,2,1,1,1,0,7,22,12,3,0,2.757
202303,Spring 2024,CS 330,330,"Choi, Jee Whan",75,1,14,14,9,9,7,10,4,2,0,0,0,5,29,25,16,0,5,2.957
202303,Spring 2024,CS 410,410,"Wills, Eric David",56,8,35,7,5,0,1,0,0,0,0,0,0,0,50,6,0,0,0,3.877
202303,Spring 2024,CS 415,415,"Malony, Allen",45,0,6,4,5,10,9,6,3,1,0,0,0,1,10,24,10,0,1,2.913
202303,Spring 2024,CS 422,422,"Hornof, Anthony J",29,2,3,5,4,4,6,2,3,0,0,0,0,0,10,14,5,0,0,3.121
202303,Spring 2024,CS 425,425,"Antoy, Sergio",71,10,9,4,10,7,4,4,7,12,0,3,1,0,23,21,23,4,0,2.858
202303,Spring 2024,CS 436,436,"Li, Yingjiu",14,0,1,3,3,2,1,1,1,2,0,0,0,0,4,6,4,0,0,2.957
202303,Spring 2024,CS 451,451,"Wilson, Christopher",31,4,10,2,4,8,2,1,0,0,0,0,0,0,16,14,1,0,0,3.494
202303,Spring 2024,CS 472,472,"Nguyen, Thien Huu",30,7,5,5,2,7,1,2,1,0,0,0,0,0,17,10,3,0,0,3.447
202303,Spring 2024,CS 572,572,"Nguyen, Thien Huu",9,3,3,0,0,2,1,0,0,0,0,0,0,0,6,3,0,0,0,3.633
202303,Spring 2024,CS 670,670,"Lowd, Daniel Baruch",21,0,9,3,3,4,2,0,0,0,0,0,0,0,12,9,0,0,0,3.543
202304,Summer 2024,CS 102,102,"Carrere, Daniel Austin",18,10,1,4,0,0,0,2,0,0,0,0,1,0,15,0,2,1,0,3.561
202304,Summer 2024,CS 110,110,"Flores, Juan Jose",11,1,2,3,0,0,1,2,0,1,0,0,0,1,6,1,3,0,1,2.918
202304,Summer 2024,CS 111,111,"Stewart, Lindy M",41,11,15,0,3,3,0,0,1,0,1,0,0,7,26,6,1,1,7,3.078
202304,Summer 2024,CS 122,122,"Schwartz, Samuel David",31,7,7,8,1,1,3,2,0,0,0,0,0,2,22,5,2,0,2,3.374
202304,Summer 2024,CS 399,399,"Miller, Dennis R",11,1,3,2,3,0,1,0,0,1,0,0,0,0,6,4,1,0,0,3.427
202401,Fall 2024,CS 102,102,"Carrere, Daniel Austin",140,50,30,23,10,6,7,4,3,5,0,2,0,0,103,23,12,2,0,3.576
202401,Fall 2024,CS 110,110,"Flores, Juan Jose",114,8,15,17,6,12,20,10,2,11,4,1,2,6,40,38,23,7,6,2.789
202401,Fall 2024,CS 111,111,"Thuzar, Aye",102,0,37,12,10,13,4,7,8,2,0,2,0,7,49,27,17,2,7,3.066
202401,Fall 2024,CS 122,122,"Thuzar, Aye",128,4,32,14,18,21,6,2,13,2,3,6,3,4,50,45,17,12,4,2.972
202401,Fall 2024,CS 210,210,"Young, Michal Terry",118,7,45,7,3,16,8,7,3,19,0,2,0,1,59,27,29,2,1,3.134
202401,Fall 2024,CS 212,212,"Colbert, Phillip Dean",133,23,20,11,7,16,14,7,8,12,2,5,3,5,54,37,27,10,5,2.886
202401,Fall 2024,CS 313,313,"Lowd, Daniel Baruch",85,2,6,15,10,19,14,4,9,2,0,0,0,4,23,43,15,0,4,2.893
202401,Fall 2024,CS 314,314,"Wills, Eric David",87,4,28,17,16,9,2,2,5,1,0,1,1,1,49,27,8,2,1,3.38
202401,Fall 2024,CS 322,322,"Norris, Boyana Radenska",40,12,8,4,4,2,1,5,0,1,0,0,0,3,24,7,6,0,3,3.247
202401,Fall 2024,CS 415,415,"Malony, Allen",56,0,6,3,4,12,6,6,9,7,0,2,0,1,9,22,22,2,1,2.611
202401,Fall 2024,CS 422,422,"Flores, Juan Jose",35,1,14,14,2,3,0,0,0,0,0,0,0,1,29,5,0,0,1,3.64
202401,Fall 2024,CS 425,425,"Ariola, Zena",44,1,6,2,9,9,2,0,5,3,0,2,2,3,9,20,8,4,3,2.636
202401,Fall 2024,CS 432,432,"Rejaie, Reza",20,0,1,0,1,1,4,1,2,3,1,1,1,4,1,6,6,3,4,1.775
202401,Fall 2024,CS 443,443,"Hornof, Anthony J",14,1,3,2,4,3,1,0,0,0,0,0,0,0,6,8,0,0,0,3.45
202401,Fall 2024,CS 451,451,"Gupta, Suyash",21,0,1,3,4,3,2,6,0,0,0,1,0,1,4,9,6,1,1,2.738
202401,Fall 2024,CS 471,471,"Nguyen, Thanh Hong",46,0,12,11,9,5,4,5,0,0,0,0,0,0,23,18,5,0,0,3.385
202401,Fall 2024,CS 510,510,"Wang, Yu",15,3,6,6,0,0,0,0,0,0,0,0,0,0,15,0,0,0,0,3.88
202401,Fall 2024,CS 551,551,"Gupta, Suyash",14,0,5,2,2,1,0,3,0,0,0,0,0,1,7,3,3,0,1,3.136
202401,Fall 2024,CS 571,571,"Nguyen, Thanh Hong",16,0,6,5,3,0,0,0,1,0,0,0,0,1,11,3,1,0,1,3.4
202401,Fall 2024,CS 621,621,"Hou, Tao",24,1,0,3,6,3,4,3,2,1,0,1,0,0,4,13,6,1,0,2.846
202402,Winter 2025,CS 102,102,"Carrere, Daniel Austin",174,42,60,31,15,7,9,2,1,3,0,1,1,2,133,31,6,2,2,3.626
202402,Winter 2025,CS 110,110,"Thuzar, Aye",100,21,25,5,4,19,2,3,9,2,0,3,1,6,51,25,14,4,6,3.101
202402,Winter 2025,CS 111,111,"Colbert, Phillip Dean",231,33,55,63,14,13,21,8,8,2,1,2,1,10,151,48,18,4,10,3.328
202402,Winter 2025,CS 122,122,"Thuzar, Aye",103,2,17,7,12,25,3,7,12,2,2,4,1,9,26,40,21,7,9,2.674
202402,Winter 2025,CS 210,210,"Flores, Juan Jose",107,2,9,14,13,19,12,16,5,3,4,3,3,4,25,44,24,10,4,2.713
202402,Winter 2025,CS 211,211,"Young, Michal Terry",92,5,30,7,12,6,17,0,10,2,0,2,0,1,42,35,12,2,1,3.204
202402,Winter 2025,CS 313,313,"Nguyen, Thien Huu",68,8,9,14,11,7,13,3,1,0,1,0,0,1,31,31,4,1,1,3.271
202402,Winter 2025,CS 314,314,"Wills, Eric David",72,7,29,9,7,8,3,1,5,1,0,0,0,2,45,18,7,0,2,3.424
202402,Winter 2025,CS 315,315,"Nguyen, Thanh Hong",67,0,5,10,10,8,11,7,5,5,1,0,2,3,15,29,17,3,3,2.701
202402,Winter 2025,CS 330,330,"Choi, Jee Whan",64,9,6,9,10,12,5,4,3,2,1,1,0,2,24,27,9,2,2,3.073
202402,Winter 2025,CS 333,333,"Li, Yingjiu",56,2,8,17,7,5,10,4,2,0,0,0,0,1,27,22,6,0,1,3.236
202402,Winter 2025,CS 422,422,"Norris, Boyana Radenska",36,13,9,6,2,4,1,0,0,0,0,0,0,1,28,7,0,0,1,3.653
202402,Winter 2025,CS 429,429,"Flores, Juan Jose",17,2,7,1,1,5,0,0,1,0,0,0,0,0,10,6,1,0,0,3.529
202402,Winter 2025,CS 433,433,"Li, Jun",46,2,8,13,16,6,1,0,0,0,0,0,0,0,23,23,0,0,0,3.513
202402,Winter 2025,CS 445,445,"Erickson, Brittany Angela",20,2,4,1,2,0,2,3,2,0,0,0,0,4,7,4,5,0,4,2.53
202402,Winter 2025,CS 453,453,"Wang, Yu",21,2,14,5,0,0,0,0,0,0,0,0,0,0,21,0,0,0,0,3.929
202402,Winter 2025,CS 670,670,"Lowd, Daniel Baruch",24,2,7,7,1,5,2,0,0,0,0,0,0,0,16,8,0,0,0,3.567
202403,Spring 2025,CS 102,102,"Carrere, Daniel Austin",147,73,26,17,10,5,5,3,2,3,0,1,1,1,116,20,8,2,1,3.661
202403,Spring 2025,CS 102,102,"Lei, Yongjia",144,88,21,15,7,6,4,0,2,0,0,0,1,0,124,17,2,1,0,3.806
202403,Spring 2025,CS 110,110,"Thuzar, Aye",60,5,12,7,7,3,3,6,4,3,0,1,0,9,24,13,13,1,9,2.7
202403,Spring 2025,CS 111,111,"Thuzar, Aye",132,8,38,9,14,25,9,6,8,4,2,2,0,7,55,48,18,4,7,3.061
202403,Spring 2025,CS 122,122,"Freeman Hennessy, Kathleen",89,4,18,10,4,11,3,3,15,3,1,5,2,10,32,18,21,8,10,2.573
202403,Spring 2025,CS 210,210,"Erickson, Brittany Angela",63,0,12,6,10,6,4,6,2,4,2,1,1,9,18,20,12,4,9,2.554
202403,Spring 2025,CS 211,211,"Flores, Juan Jose",84,4,13,13,10,15,7,8,5,2,1,1,0,5,30,32,15,2,5,2.942
202403,Spring 2025,CS 212,212,"Chen, Jieyang",77,5,13,15,11,19,6,1,4,0,0,1,1,1,33,36,5,2,1,3.234
202403,Spring 2025,CS 315,315,"Wilson, Christopher",61,2,20,5,7,13,10,0,3,0,0,1,0,0,27,30,3,1,0,3.321
202403,Spring 2025,CS 322,322,"Norris, Boyana Radenska",45,21,6,7,1,2,3,0,2,1,0,1,0,1,34,6,3,1,1,3.511
202403,Spring 2025,CS 330,330,"Choi, Jee Whan",63,6,6,4,5,11,7,2,5,11,3,0,1,2,16,23,18,4,2,2.684
202403,Spring 2025,CS 399,399,"Balmain, Nathaniel Ryan",28,21,5,1,0,0,0,0,0,0,0,1,0,0,27,0,0,1,0,3.882
202403,Spring 2025,CS 410,410,"Hou, Tao",16,10,5,0,1,0,0,0,0,0,0,0,0,0,15,1,0,0,0,3.956
202403,Spring 2025,CS 410,410,"Nguyen, Thien Huu",11,1,0,2,2,3,0,0,1,1,0,0,1,0,3,5,2,1,0,2.855
202403,Spring 2025,CS 410,410,"Wills, Eric David",53,14,37,0,1,0,0,0,0,0,0,0,0,1,51,1,0,0,1,3.911
202403,Spring 2025,CS 415,415,"Malony, Allen",72,0,8,9,7,17,14,7,6,1,2,0,0,1,17,38,14,2,1,2.911
202403,Spring 2025,CS 422,422,"Hornof, Anthony J",27,5,1,7,7,0,6,0,0,0,0,0,0,1,13,13,0,0,1,3.304
202403,Spring 2025,CS 423,423,"Fickas, Stephen F",17,5,5,3,1,0,2,0,1,0,0,0,0,0,13,3,1,0,0,3.635
202403,Spring 2025,CS 425,425,"Ariola, Zena",70,4,5,6,4,7,7,8,14,8,0,1,0,6,15,18,30,1,6,2.461
202403,Spring 2025,CS 436,436,"Li, Yingjiu",17,1,4,4,3,1,3,0,1,0,0,0,0,0,9,7,1,0,0,3.4
202403,Spring 2025,CS 472,472,"Nguyen, Thien Huu",35,2,6,10,7,6,2,0,0,0,0,0,0,2,18,15,0,0,2,3.3
202403,Spring 2025,CS 510,510,"Nguyen, Thien Huu",10,2,2,2,2,0,2,0,0,0,0,0,0,0,6,4,0,0,0,3.54
202403,Spring 2025,CS 572,572,"Nguyen, Thien Huu",19,2,5,3,4,4,0,0,0,0,0,0,0,1,10,8,0,0,1,3.384
202403,Spring 2025,CS 573,573,"Lowd, Daniel Baruch",12,0,3,2,1,3,1,0,2,0,0,0,0,0,5,5,2,0,0,3.2
202403,Spring 2025,CS 630,630,"Li, Jun",13,0,4,6,2,1,0,0,0,0,0,0,0,0,10,3,0,0,0,3.677
202404,Summer 2025,CS 111,111,"Flores, Juan Jose",43,14,11,3,3,3,0,1,3,0,0,0,0,5,28,6,4,0,5,3.216
202404,Summer 2025,CS 122,122,"Colbert, Phillip Dean",38,15,3,10,4,0,1,0,3,1,0,0,0,1,28,5,4,0,1,3.489
