course_id,course_number,professor,total_students,AP,A,AM,BP,B,BM,CP,C,CM,DP,D,DM,F,A_count,B_count,C_count,D_count,F_count,avg_gpa
CIS 102,102,"Li, Yingjiu",25,0,3,3,0,3,8,2,0,3,0,0,0,3,6,11,5,0,3,2.536
CIS 105,105,"Fickas, Stephen F",59,36,10,3,1,3,2,1,0,0,0,0,0,3,49,6,1,0,3,3.646
CIS 110,110,"Colbert, Phillip Dean",1258,136,381,230,115,134,112,39,35,30,11,5,3,27,747,361,104,19,27,3.366
CIS 110,110,"Flores, Juan Jose",260,4,33,17,35,32,51,23,20,12,8,6,4,15,54,118,55,18,15,2.664
CIS 110,110,"Fuller, Elizabeth Pearl Ann",22,10,2,1,1,2,2,2,1,0,0,1,0,0,13,5,3,1,0,3.364
CIS 110,110,"Gowda, Nithin Krishna",32,1,17,5,1,1,1,2,4,0,0,0,0,0,23,3,6,0,0,3.503
CIS 110,110,"Hennessy, Michael Shane",1202,105,295,63,68,320,62,49,155,29,4,15,4,33,463,450,233,23,33,3.061
CIS 110,110,"Hu, Zhangxiang",33,5,12,3,3,5,1,1,1,1,0,0,0,1,20,9,3,0,1,3.415
CIS 110,110,"Little, Ronald Kent",183,37,50,27,15,31,6,4,7,3,1,0,0,2,114,52,14,1,2,3.477
CIS 110,110,"Skorodinsky, Makseem Angel",19,1,8,2,2,2,3,0,1,0,0,0,0,0,11,7,1,0,0,3.479
CIS 110,110,"Wilkins, David A",392,57,218,25,12,26,12,0,9,7,0,6,2,18,300,50,16,8,18,3.52
CIS 110,110,"Zhang, Mingwei",41,8,11,0,0,11,0,0,7,0,0,3,0,1,19,11,7,3,1,3.073
CIS 111,111,"Bird, Brian Arnett",89,9,13,10,22,5,6,11,5,2,1,0,0,5,32,33,18,1,5,3.02
CIS 111,111,"Colbert, Phillip Dean",298,44,45,61,34,34,30,14,10,5,0,7,1,13,150,98,29,8,13,3.172
CIS 111,111,"Flores, Juan Jose",248,33,26,34,15,29,21,13,18,12,4,6,0,37,93,65,43,10,37,2.631
CIS 111,111,"Hennessy, Michael Shane",923,122,226,47,41,229,43,33,108,30,6,10,0,28,395,313,171,16,28,3.104
CIS 111,111,"Holleran, Pat",193,6,32,24,0,60,19,0,28,5,0,8,1,10,62,79,33,9,10,2.825
CIS 111,111,"Little, Ronald Kent",539,109,154,51,29,71,32,22,39,6,2,8,2,14,314,132,67,12,14,3.315
CIS 111,111,"Skorodinsky, Makseem Angel",249,27,35,20,18,40,22,9,27,19,1,10,4,17,82,80,55,15,17,2.739
CIS 115,115,"Colbert, Phillip Dean",173,25,24,22,14,24,21,11,10,5,6,4,0,7,71,59,26,10,7,2.994
CIS 122,122,"Colbert, Phillip Dean",840,76,272,113,72,95,52,25,45,21,8,13,10,38,461,219,91,31,38,3.198
CIS 122,122,"Corso, Amie Jayne",34,8,6,6,2,5,2,0,1,3,0,0,0,1,20,9,4,0,1,3.303
CIS 122,122,"Flores, Juan Jose",148,7,36,23,19,12,11,7,9,2,2,3,2,15,66,42,18,7,15,2.905
CIS 122,122,"Foster, Raleigh Francis",21,9,8,1,1,0,2,0,0,0,0,0,0,0,18,3,0,0,0,3.829
CIS 122,122,"Freeman Hennessy, Kathleen",366,9,74,32,23,54,35,27,36,18,1,18,4,35,115,112,81,23,35,2.649
CIS 122,122,"Guzman Nateras, Luis Fernando",50,6,10,14,10,4,1,0,0,0,0,0,1,4,30,15,0,1,4,3.284
CIS 122,122,"Hall, Jared Wayne",10,4,2,1,0,2,0,1,0,0,0,0,0,0,7,2,1,0,0,3.6
CIS 122,122,"Shahir, Bijan Yaghoubi",100,16,12,12,17,15,8,5,0,5,1,3,2,4,40,40,10,6,4,3.048
CIS 122,122,"Skorodinsky, Makseem Angel",13,4,1,1,0,2,0,0,1,2,0,1,0,1,6,2,3,1,1,2.777
CIS 122,122,"Wilkins, David A",1031,77,404,107,66,113,69,32,68,31,2,18,10,34,588,248,131,30,34,3.252
CIS 199,199,"Matthews, Kelli Irene",209,69,64,21,16,20,4,3,6,0,0,2,0,4,154,40,9,2,4,3.609
CIS 199,199,"Wilkins, David A",92,11,39,12,9,7,7,2,2,1,0,0,1,1,62,23,5,1,1,3.533
CIS 199,199,"Wu, Yanwei",8,1,2,0,0,3,0,0,0,0,0,0,0,2,3,3,0,0,2,2.625
CIS 210,210,"Erickson, Brittany Angela",270,5,66,22,48,33,30,23,10,6,8,5,0,14,93,111,39,13,14,2.971
CIS 210,210,"Flores, Juan Jose",116,42,26,9,11,9,5,1,1,2,0,1,0,9,77,25,4,1,9,3.369
CIS 210,210,"Freeman Hennessy, Kathleen",1038,22,164,69,74,196,97,50,129,45,16,53,20,103,255,367,224,89,103,2.534
CIS 210,210,"Norris, Boyana Radenska",140,91,16,7,5,3,2,1,3,2,1,0,2,7,114,10,6,3,7,3.566
CIS 210,210,"Sventek, Joseph Sherman",233,4,18,26,22,33,35,33,20,18,9,7,3,5,48,90,71,19,5,2.651
CIS 211,211,"Conery, John",285,2,86,23,14,61,39,13,24,10,0,10,1,2,111,114,47,11,2,3.078
CIS 211,211,"Hornof, Anthony J",52,8,3,4,2,7,7,6,5,0,0,5,0,5,15,16,11,5,5,2.579
CIS 211,211,"Norris, Boyana Radenska",105,23,36,9,8,11,8,1,5,0,0,0,0,4,68,27,6,0,4,3.453
CIS 211,211,"Young, Michal Terry",797,35,306,46,62,110,31,0,125,19,0,24,0,39,387,203,144,24,39,3.085
CIS 212,212,"Childs, Henry Roberts",242,14,57,31,24,31,26,8,13,10,0,11,0,17,102,81,31,11,17,2.948
CIS 212,212,"Jiao, Lei",283,42,16,17,31,28,42,19,18,10,17,13,8,22,75,101,47,38,22,2.587
CIS 212,212,"Sventek, Joseph Sherman",392,61,102,48,50,41,33,10,10,9,2,3,3,20,211,124,29,8,20,3.247
CIS 212,212,"Wills, Eric David",232,14,42,34,28,31,28,12,13,3,3,6,5,13,90,87,28,14,13,2.944
CIS 313,313,"Lowd, Daniel Baruch",263,10,46,39,36,49,29,15,22,3,2,1,3,8,95,114,40,6,8,3.048
CIS 313,313,"Nguyen, Thien Huu",235,8,41,34,52,41,29,12,14,0,1,0,0,3,83,122,26,1,3,3.198
CIS 313,313,"Proskurowski, Andrzej",64,1,11,5,0,6,12,10,12,3,0,2,0,2,17,18,25,2,2,2.672
CIS 313,313,"Sventek, Joseph Sherman",78,4,3,7,5,12,15,12,10,5,3,2,0,0,14,32,27,5,0,2.678
CIS 313,313,"Wilson, Christopher",81,4,18,11,6,15,6,3,5,7,0,4,0,2,33,27,15,4,2,2.994
CIS 313,313,"Wu, Xiaodi",191,9,29,23,28,22,20,22,18,13,7,0,0,0,61,70,53,7,0,2.97
CIS 314,314,"Kinsy, Michel Ako",75,8,27,7,6,7,5,1,5,0,0,6,0,3,42,18,6,6,3,3.18
CIS 314,314,"Wills, Eric David",823,50,182,124,121,101,97,40,30,32,1,4,5,36,356,319,102,10,36,3.118
CIS 315,315,"Jiao, Lei",175,4,21,18,22,32,28,18,9,11,3,3,5,1,43,82,38,11,1,2.853
CIS 315,315,"Wilson, Christopher",634,41,156,67,66,114,56,33,44,24,0,7,0,26,264,236,101,7,26,3.089
CIS 322,322,"Durairajan, Ramakrishnan",180,8,21,16,14,22,31,13,13,12,5,3,10,12,45,67,38,18,12,2.577
CIS 322,322,"Ellsworth, Daniel Abraham Solomon",31,0,14,6,2,2,4,0,2,1,0,0,0,0,20,8,3,0,0,3.461
CIS 322,322,"Shi, Honghui",31,12,7,2,2,0,0,1,1,0,2,1,0,3,21,2,2,3,3,3.158
CIS 322,322,"Young, Michal Terry",57,2,16,5,5,10,2,0,8,1,0,7,0,1,23,17,9,7,1,2.932
CIS 330,330,"Childs, Henry Roberts",183,20,39,19,13,29,8,3,14,2,1,4,0,31,78,50,19,5,31,2.74
CIS 330,330,"Choi, Jee Whan",340,40,36,29,40,45,37,29,29,18,7,7,3,20,105,122,76,17,20,2.799
CIS 330,330,"Norris, Boyana Radenska",257,54,65,16,36,20,15,13,15,8,2,1,1,11,135,71,36,4,11,3.239
CIS 333,333,"Li, Yingjiu",26,0,6,5,3,3,4,3,1,0,0,0,0,1,11,10,4,0,1,3.119
CIS 399,399,"Augustine, Charles Martel",100,15,21,9,11,11,6,4,4,5,2,5,3,4,45,28,13,10,4,2.982
CIS 399,399,"Bird, Brian Arnett",83,23,16,3,5,10,3,3,6,8,0,0,0,6,42,18,17,0,6,3.063
CIS 399,399,"Fickas, Stephen F",61,16,13,3,4,4,8,3,6,1,0,3,0,0,32,16,10,3,0,3.238
CIS 399,399,"Li, Jun",15,0,1,7,2,1,2,2,0,0,0,0,0,0,8,5,2,0,0,3.3
CIS 399,399,"Li, Yingjiu",10,0,1,4,3,1,1,0,0,0,0,0,0,0,5,5,0,0,0,3.44
CIS 399,399,"Lowd, Daniel Baruch",15,0,1,1,3,2,2,0,1,3,0,1,0,1,2,7,4,1,1,2.473
CIS 399,399,"Sane, Sudhanshu Sanjay",15,0,6,3,0,2,4,0,0,0,0,0,0,0,9,6,0,0,0,3.46
CIS 399,399,"VanDevender, Steven E",66,0,31,15,5,9,3,0,0,1,0,0,0,2,46,17,1,0,2,3.527
CIS 399,399,"Young, Michal Terry",36,3,8,0,1,13,0,0,7,0,0,0,0,4,11,14,7,0,4,2.786
CIS 410,410,"Augustine, Charles Martel",10,1,2,0,0,1,4,0,1,1,0,0,0,0,3,5,2,0,0,2.95
CIS 410,410,"Childs, Henry Roberts",138,14,56,15,14,17,4,5,9,1,0,0,0,3,85,35,15,0,3,3.44
CIS 410,410,"Li, Yingjiu",7,0,4,2,1,0,0,0,0,0,0,0,0,0,6,1,0,0,0,3.814
CIS 410,410,"Lowd, Daniel Baruch",23,2,3,1,1,5,3,3,0,2,1,0,1,1,6,9,5,2,1,2.713
CIS 410,410,"Nguyen, Thanh Hong",12,1,5,0,2,1,0,1,1,1,0,0,0,0,6,3,3,0,0,3.3
CIS 410,410,"Nguyen, Thien Huu",10,0,1,1,3,0,3,0,0,2,0,0,0,0,2,6,2,0,0,2.91
CIS 410,410,"Rejaie, Reza",14,2,0,1,4,2,2,0,1,0,1,0,1,0,3,8,1,2,0,2.879
CIS 410,410,"Stevens, Kent A",33,1,9,10,5,8,0,0,0,0,0,0,0,0,20,13,0,0,0,3.561
CIS 410,410,"Wills, Eric David",309,18,134,72,38,30,5,5,2,3,0,0,1,1,224,73,10,1,1,3.639
CIS 413,413,"Proskurowski, Andrzej",33,4,5,4,1,1,7,1,3,3,0,1,0,3,13,9,7,1,3,2.739
CIS 413,413,"Wilson, Christopher",59,8,15,6,12,9,3,0,3,0,0,1,0,2,29,24,3,1,2,3.32
CIS 415,415,"Malony, Allen",342,0,54,36,35,72,34,26,33,23,9,8,3,9,90,141,82,20,9,2.805
CIS 415,415,"Sventek, Joseph Sherman",294,17,44,26,48,36,47,34,15,16,1,2,3,5,87,131,65,6,5,2.974
CIS 420,420,"Wilson, Christopher",101,5,30,7,12,15,13,6,5,4,0,3,0,1,42,40,15,3,1,3.16
CIS 422,422,"Faulk, Stuart",180,7,19,39,44,25,14,15,9,4,0,3,0,1,65,83,28,3,1,3.159
CIS 422,422,"Flores, Juan Jose",70,3,22,16,11,14,3,0,0,0,0,0,0,1,41,28,0,0,1,3.509
CIS 422,422,"Hornof, Anthony J",224,7,29,28,33,50,23,26,14,5,0,2,0,7,64,106,45,2,7,2.977
CIS 422,422,"Sventek, Joseph Sherman",62,0,9,17,19,7,6,2,1,0,0,0,0,1,26,32,3,0,1,3.313
CIS 422,422,"Young, Michal Terry",92,3,35,22,3,22,0,0,5,0,0,1,0,1,60,25,5,1,1,3.482
CIS 423,423,"Faulk, Stuart",24,1,9,5,0,6,2,0,0,1,0,0,0,0,15,8,1,0,0,3.483
CIS 423,423,"Fickas, Stephen F",12,5,4,0,1,1,0,0,1,0,0,0,0,0,9,2,1,0,0,3.692
CIS 425,425,"Ariola, Zena",714,21,84,61,101,119,63,55,69,61,1,50,2,27,166,283,185,53,27,2.699
CIS 427,427,"Ariola, Zena",21,0,3,2,8,5,2,0,0,1,0,0,0,0,5,15,1,0,0,3.233
CIS 429,429,"Kinsy, Michel Ako",15,1,2,4,2,1,1,0,2,0,0,2,0,0,7,4,2,2,0,3.007
CIS 431,431,"Choi, Jee Whan",11,0,1,4,2,1,2,0,1,0,0,0,0,0,5,5,1,0,0,3.255
CIS 431,431,"Malony, Allen",33,0,8,2,6,6,3,3,1,4,0,0,0,0,10,15,8,0,0,3.061
CIS 432,432,"Li, Jun",82,2,5,10,12,25,15,7,1,4,0,0,0,1,17,52,12,0,1,2.988
CIS 432,432,"Rejaie, Reza",61,3,7,5,9,8,6,7,5,4,2,1,1,3,15,23,16,4,3,2.715
CIS 433,433,"Howell, Leo Foster",40,2,11,14,11,0,2,0,0,0,0,0,0,0,27,13,0,0,0,3.638
CIS 433,433,"Li, Jun",167,2,25,49,49,27,8,2,1,0,1,1,0,2,76,84,3,2,2,3.368
CIS 436,436,"Li, Yingjiu",27,0,10,7,4,2,3,0,0,0,0,0,0,1,17,9,0,0,1,3.452
CIS 441,441,"Childs, Henry Roberts",114,14,50,10,14,11,1,3,5,1,0,0,0,5,74,26,9,0,5,3.452
CIS 443,443,"Hornof, Anthony J",84,7,5,12,13,12,12,10,6,4,0,1,0,2,24,37,20,1,2,2.935
CIS 445,445,"Li, Jun",12,0,0,2,2,1,4,1,0,0,1,0,0,1,2,7,1,1,1,2.617
CIS 451,451,"Wilson, Christopher",269,10,140,42,30,28,8,5,4,1,0,1,0,0,192,66,10,1,0,3.651
CIS 452,452,"Dou, Dejing",17,0,9,3,2,3,0,0,0,0,0,0,0,0,12,5,0,0,0,3.688
CIS 453,453,"Dou, Dejing",46,2,13,9,15,3,0,2,0,0,1,1,0,0,24,18,2,2,0,3.45
CIS 454,454,"Conery, John",19,2,13,2,0,1,0,0,1,0,0,0,0,0,17,1,1,0,0,3.811
CIS 471,471,"Dou, Dejing",76,4,19,8,21,7,4,4,3,0,0,4,0,2,31,32,7,4,2,3.183
CIS 471,471,"Lowd, Daniel Baruch",21,0,5,1,3,4,2,1,1,1,1,1,1,0,6,9,3,3,0,2.857
CIS 471,471,"Nguyen, Thanh Hong",151,0,44,36,37,17,13,2,0,2,0,0,0,0,80,67,4,0,0,3.479
CIS 472,472,"Lowd, Daniel Baruch",88,1,14,15,11,18,6,8,5,2,2,1,0,5,30,35,15,3,5,2.925
CIS 472,472,"Nguyen, Thien Huu",72,5,24,8,8,7,10,0,4,4,0,0,0,2,37,25,8,0,2,3.261
CIS 472,472,"Shi, Honghui",28,2,5,8,7,6,0,0,0,0,0,0,0,0,15,13,0,0,0,3.525
CIS 473,473,"Lowd, Daniel Baruch",66,1,10,5,11,10,9,7,3,5,1,0,0,4,16,30,15,1,4,2.803
CIS 490,490,"Farley, Arthur Melvin",27,0,5,6,10,6,0,0,0,0,0,0,0,0,11,16,0,0,0,3.452
CIS 510,510,"Childs, Henry Roberts",8,2,4,0,1,0,0,0,1,0,0,0,0,0,6,1,1,0,0,3.662
CIS 510,510,"Fickas, Stephen F",8,5,0,1,1,1,0,0,0,0,0,0,0,0,6,2,0,0,0,3.75
CIS 510,510,"Nguyen, Thien Huu",11,0,3,4,0,2,1,0,1,0,0,0,0,0,7,3,1,0,0,3.409
CIS 531,531,"Norris, Boyana Radenska",15,1,8,2,1,1,1,0,0,0,0,0,0,1,11,3,0,0,1,3.493
CIS 533,533,"Li, Jun",11,0,3,3,4,0,0,0,0,0,0,0,0,1,6,4,0,0,1,3.3
CIS 561,561,"Young, Michal Terry",16,2,7,2,0,5,0,0,0,0,0,0,0,0,11,5,0,0,0,3.65
CIS 571,571,"Dou, Dejing",23,4,5,3,4,5,1,0,0,0,0,0,0,1,12,10,0,0,1,3.391
CIS 571,571,"Lowd, Daniel Baruch",19,1,5,4,3,2,2,1,0,1,0,0,0,0,10,7,2,0,0,3.374
CIS 571,571,"Nguyen, Thanh Hong",30,0,12,4,7,3,2,2,0,0,0,0,0,0,16,12,2,0,0,3.497
CIS 572,572,"Lowd, Daniel Baruch",50,4,15,12,6,7,4,0,1,0,0,0,1,0,31,17,1,1,0,3.494
CIS 572,572,"Nguyen, Thien Huu",26,5,6,2,4,6,3,0,0,0,0,0,0,0,13,13,0,0,0,3.488
CIS 572,572,"Shi, Honghui",33,8,15,4,1,0,0,0,3,0,0,0,0,2,27,1,3,0,2,3.518
CIS 573,573,"Lowd, Daniel Baruch",13,1,3,4,2,1,2,0,0,0,0,0,0,0,8,5,0,0,0,3.523
CIS 610,610,"Dou, Dejing",25,2,13,4,1,4,0,0,0,1,0,0,0,0,19,5,1,0,0,3.672
CIS 621,621,"Jiao, Lei",11,1,2,4,1,3,0,0,0,0,0,0,0,0,7,4,0,0,0,3.555
CIS 621,621,"Wilson, Christopher",108,9,51,19,11,9,9,0,0,0,0,0,0,0,79,29,0,0,0,3.684
CIS 624,624,"Norris, Boyana Radenska",91,33,39,7,2,7,2,0,0,1,0,0,0,0,79,11,1,0,0,3.831
CIS 630,630,"Durairajan, Ramakrishnan",11,0,3,1,1,4,1,0,0,0,0,0,1,0,4,6,0,1,0,3.127
CIS 630,630,"Rejaie, Reza",75,4,10,13,12,7,23,2,2,1,0,1,0,0,27,42,5,1,0,3.175
CIS 631,631,"Choi, Jee Whan",28,4,3,4,6,7,2,0,1,1,0,0,0,0,11,15,2,0,0,3.311
CIS 631,631,"Malony, Allen",14,0,4,3,3,3,0,0,0,0,0,1,0,0,7,6,0,1,0,3.357
CIS 650,650,"Fickas, Stephen F",27,14,7,6,0,0,0,0,0,0,0,0,0,0,27,0,0,0,0,3.933
CIS 670,670,"Lowd, Daniel Baruch",55,0,29,15,5,1,1,0,1,0,0,0,0,3,44,7,1,0,3,3.558
CS 102,102,"Carrere, Daniel Austin",659,214,156,111,53,30,32,13,10,14,2,4,4,16,481,115,37,10,16,3.528
CS 102,102,"Lei, Yongjia",144,88,21,15,7,6,4,0,2,0,0,0,1,0,124,17,2,1,0,3.806
CS 102,102,"Li, Yingjiu",117,7,13,31,17,15,17,8,5,2,0,1,0,1,51,49,15,1,1,3.201
CS 110,110,"Childs, Henry Roberts",175,8,41,22,26,25,15,9,11,3,3,3,3,6,71,66,23,9,6,3.06
CS 110,110,"Flores, Juan Jose",349,12,55,53,37,43,44,29,15,22,7,9,3,20,120,124,66,19,20,2.832
CS 110,110,"Hall, Jared Wayne",146,49,61,11,4,6,1,1,5,0,0,1,2,5,121,11,6,3,5,3.625
CS 110,110,"Thuzar, Aye",160,26,37,12,11,22,5,9,13,5,0,4,1,15,75,38,27,5,15,2.951
CS 110,110,"Wilkins, David A",613,116,215,112,49,48,28,10,7,9,2,2,2,13,443,125,26,6,13,3.553
CS 111,111,"Colbert, Phillip Dean",649,69,180,139,61,43,48,19,26,15,4,9,6,30,388,152,60,19,30,3.251
CS 111,111,"Flores, Juan Jose",239,23,28,24,18,35,19,24,23,11,4,9,2,19,75,72,58,15,19,2.695
CS 111,111,"Hennessy, Michael Shane",127,14,32,9,5,25,3,3,18,7,0,2,1,8,55,33,28,3,8,2.948
CS 111,111,"Stewart, Lindy M",209,47,96,0,6,32,0,2,11,0,1,2,0,12,143,38,13,3,12,3.434
CS 111,111,"Thuzar, Aye",234,8,75,21,24,38,13,13,16,6,2,4,0,14,104,75,35,6,14,3.063
CS 122,122,"Colbert, Phillip Dean",375,78,127,60,35,22,15,6,10,8,1,1,0,12,265,72,24,2,12,3.503
CS 122,122,"Freeman Hennessy, Kathleen",456,17,93,34,25,86,36,24,56,18,12,16,7,32,144,147,98,35,32,2.714
CS 122,122,"Schwartz, Samuel David",31,7,7,8,1,1,3,2,0,0,0,0,0,2,22,5,2,0,2,3.374
CS 122,122,"Stewart, Lindy M",91,32,36,0,0,10,0,0,5,0,0,1,0,7,68,10,5,1,7,3.44
CS 122,122,"Thuzar, Aye",231,6,49,21,30,46,9,9,25,4,5,10,4,13,76,85,38,19,13,2.839
CS 210,210,"Erickson, Brittany Angela",63,0,12,6,10,6,4,6,2,4,2,1,1,9,18,20,12,4,9,2.554
CS 210,210,"Flores, Juan Jose",422,60,60,48,58,64,42,37,17,6,6,5,4,15,168,164,60,15,15,3.079
CS 210,210,"Young, Michal Terry",454,22,105,16,30,60,66,27,49,55,0,13,0,11,143,156,131,13,11,2.844
CS 211,211,"Flores, Juan Jose",355,11,42,45,46,70,45,31,22,11,5,7,2,18,98,161,64,14,18,2.847
CS 211,211,"Young, Michal Terry",366,21,119,20,30,43,55,0,35,20,0,16,0,7,160,128,55,16,7,3.089
CS 212,212,"Chen, Jieyang",77,5,13,15,11,19,6,1,4,0,0,1,1,1,33,36,5,2,1,3.234
CS 212,212,"Childs, Henry Roberts",361,15,90,31,54,46,41,21,12,19,10,3,3,16,136,141,52,16,16,3.004
CS 212,212,"Colbert, Phillip Dean",245,33,50,24,17,22,31,10,17,17,2,5,3,14,107,70,44,10,14,2.948
CS 313,313,"Lowd, Daniel Baruch",236,8,25,34,29,42,30,22,22,12,1,0,0,11,67,101,56,1,11,2.868
CS 313,313,"Nguyen, Thien Huu",184,22,48,44,24,20,18,3,2,1,1,0,0,1,114,62,6,1,1,3.503
CS 314,314,"Wills, Eric David",484,44,175,88,68,54,14,9,12,6,0,3,1,10,307,136,27,4,10,3.48
CS 315,315,"Jiao, Lei",240,15,21,32,27,38,36,29,17,11,6,2,2,4,68,101,57,10,4,2.889
CS 315,315,"Nguyen, Thanh Hong",67,0,5,10,10,8,11,7,5,5,1,0,2,3,15,29,17,3,3,2.701
CS 315,315,"Wilson, Christopher",61,2,20,5,7,13,10,0,3,0,0,1,0,0,27,30,3,1,0,3.321
CS 322,322,"Durairajan, Ramakrishnan",44,0,5,2,8,4,10,7,3,2,1,1,1,0,7,22,12,3,0,2.757
CS 322,322,"Hassani, Ali",30,6,7,3,4,2,2,0,2,1,1,0,1,1,16,8,3,2,1,3.18
CS 322,322,"Norris, Boyana Radenska",85,33,14,11,5,4,4,5,2,2,0,1,0,4,58,13,9,1,4,3.387
CS 322,322,"Shi, Honghui",32,8,10,3,5,2,2,1,0,0,0,0,0,1,21,9,1,0,1,3.541
CS 330,330,"Choi, Jee Whan",250,19,37,31,27,40,21,23,14,16,4,2,3,13,87,88,53,9,13,2.888
CS 330,330,"Dario, Anthony Richard",71,5,10,12,7,12,7,2,9,1,1,3,0,2,27,26,12,4,2,2.972
CS 330,330,"McLaughlin, Joseph Clevenger",83,14,12,13,16,8,12,4,3,1,0,0,0,0,39,36,8,0,0,3.352
CS 333,333,"Li, Yingjiu",143,5,24,40,18,18,19,10,3,2,1,0,0,3,69,55,15,1,3,3.234
CS 399,399,"Balmain, Nathaniel Ryan",28,21,5,1,0,0,0,0,0,0,0,1,0,0,27,0,0,1,0,3.882
CS 399,399,"Johnson, Annaliese Hope",10,3,3,1,0,0,0,1,0,0,0,0,0,2,7,0,1,0,2,3.0
CS 399,399,"Miller, Dennis R",33,12,8,2,7,0,3,0,0,1,0,0,0,0,22,10,1,0,0,3.645
CS 410,410,"Carrere, Daniel Austin",20,3,6,3,7,0,0,0,0,0,0,0,0,1,12,7,0,0,1,3.51
CS 410,410,"Erickson, Brittany Angela",12,0,3,4,2,1,1,0,1,0,0,0,0,0,7,4,1,0,0,3.425
CS 410,410,"Hou, Tao",16,10,5,0,1,0,0,0,0,0,0,0,0,0,15,1,0,0,0,3.956
CS 410,410,"Nguyen, Thien Huu",11,1,0,2,2,3,0,0,1,1,0,0,1,0,3,5,2,1,0,2.855
CS 410,410,"Wills, Eric David",168,25,112,18,8,2,2,0,0,0,0,0,0,1,155,12,0,0,1,3.883
CS 413,413,"Wilson, Christopher",24,2,8,3,4,6,1,0,0,0,0,0,0,0,13,11,0,0,0,3.542
CS 415,415,"Malony, Allen",231,0,25,22,23,53,35,22,29,12,2,3,0,5,47,111,63,5,5,2.794
CS 415,415,"Sventek, Joseph Sherman",95,19,20,11,8,8,9,2,7,6,0,0,0,5,50,25,15,0,5,3.16
CS 420,420,"Wilson, Christopher",13,0,5,1,3,2,1,0,0,0,0,0,0,1,6,6,0,0,1,3.254
CS 422,422,"Flores, Juan Jose",119,2,24,22,25,18,10,6,8,2,0,0,0,2,48,53,16,0,2,3.211
CS 422,422,"Hornof, Anthony J",117,11,12,21,20,18,23,6,4,0,0,1,0,1,44,61,10,1,1,3.202
CS 422,422,"Norris, Boyana Radenska",36,13,9,6,2,4,1,0,0,0,0,0,0,1,28,7,0,0,1,3.653
CS 423,423,"Fickas, Stephen F",17,5,5,3,1,0,2,0,1,0,0,0,0,0,13,3,1,0,0,3.635
CS 425,425,"Antoy, Sergio",108,19,14,8,10,12,8,5,7,15,0,6,1,3,41,30,27,7,3,2.869
CS 425,425,"Ariola, Zena",204,8,24,22,30,38,16,11,23,13,0,4,2,13,54,84,47,6,13,2.767
CS 429,429,"Flores, Juan Jose",34,2,12,7,5,6,0,1,1,0,0,0,0,0,21,11,2,0,0,3.55
CS 431,431,"Choi, Jee Whan",15,0,2,2,1,3,3,0,2,0,0,0,0,2,4,7,2,0,2,2.653
CS 432,432,"Durairajan, Ramakrishnan",23,1,2,4,2,3,2,2,3,0,0,0,0,4,7,7,5,0,4,2.539
CS 432,432,"Li, Jun",35,0,3,10,5,5,3,5,2,0,1,0,1,0,13,13,7,2,0,3.031
CS 432,432,"Rejaie, Reza",20,0,1,0,1,1,4,1,2,3,1,1,1,4,1,6,6,3,4,1.775
CS 433,433,"Li, Jun",90,2,23,32,21,9,2,0,1,0,0,0,0,0,57,32,1,0,0,3.579
CS 433,433,"Li, Yingjiu",19,0,5,11,1,0,2,0,0,0,0,0,0,0,16,3,0,0,0,3.653
CS 436,436,"Li, Yingjiu",31,1,5,7,6,3,4,1,2,2,0,0,0,0,13,13,5,0,0,3.2
CS 441,441,"Childs, Henry Roberts",43,8,22,2,3,4,0,0,0,2,0,1,0,1,32,7,2,1,1,3.574
CS 443,443,"Hornof, Anthony J",42,1,8,8,6,6,4,3,3,0,0,2,0,1,17,16,6,2,1,3.074
CS 445,445,"Erickson, Brittany Angela",20,2,4,1,2,0,2,3,2,0,0,0,0,4,7,4,5,0,4,2.53
CS 451,451,"Gupta, Suyash",21,0,1,3,4,3,2,6,0,0,0,1,0,1,4,9,6,1,1,2.738
CS 451,451,"Wilson, Christopher",88,5,49,6,7,14,5,1,0,0,0,1,0,0,60,26,1,1,0,3.638
CS 453,453,"Wang, Yu",21,2,14,5,0,0,0,0,0,0,0,0,0,0,21,0,0,0,0,3.929
CS 471,471,"Nguyen, Thanh Hong",98,0,25,27,16,17,7,5,0,0,1,0,0,0,52,40,5,1,0,3.422
CS 472,472,"Nguyen, Thien Huu",83,10,11,19,14,17,4,3,2,0,0,0,0,3,40,35,5,0,3,3.292
CS 472,472,"Shi, Honghui",27,8,10,2,1,2,1,1,0,0,0,0,0,2,20,4,1,0,2,3.47
CS 510,510,"Nguyen, Thien Huu",10,2,2,2,2,0,2,0,0,0,0,0,0,0,6,4,0,0,0,3.54
CS 510,510,"Wang, Yu",15,3,6,6,0,0,0,0,0,0,0,0,0,0,15,0,0,0,0,3.88
CS 513,513,"Wilson, Christopher",9,3,1,1,1,2,1,0,0,0,0,0,0,0,5,4,0,0,0,3.522
CS 531,531,"Choi, Jee Whan",10,2,2,2,2,0,1,1,0,0,0,0,0,0,6,3,1,0,0,3.5
CS 532,532,"Li, Jun",12,3,2,1,2,3,0,1,0,0,0,0,0,0,6,5,1,0,0,3.467
CS 533,533,"Li, Jun",18,1,7,9,1,0,0,0,0,0,0,0,0,0,17,1,0,0,0,3.811
CS 541,541,"Childs, Henry Roberts",11,4,3,1,1,1,0,0,0,0,0,1,0,0,8,2,0,1,0,3.545
CS 551,551,"Gupta, Suyash",14,0,5,2,2,1,0,3,0,0,0,0,0,1,7,3,3,0,1,3.136
CS 551,551,"Wilson, Christopher",17,1,11,0,2,3,0,0,0,0,0,0,0,0,12,5,0,0,0,3.741
CS 571,571,"Nguyen, Thanh Hong",27,0,10,9,5,1,0,0,1,0,0,0,0,1,19,6,1,0,1,3.511
CS 572,572,"Nguyen, Thien Huu",28,5,8,3,4,6,1,0,0,0,0,0,0,1,16,11,0,0,1,3.464
CS 573,573,"Lowd, Daniel Baruch",12,0,3,2,1,3,1,0,2,0,0,0,0,0,5,5,2,0,0,3.2
CS 607,607,"Childs, Henry Roberts",12,0,6,1,1,0,1,0,1,0,0,0,0,2,7,2,1,0,2,2.975
CS 621,621,"Hou, Tao",24,1,0,3,6,3,4,3,2,1,0,1,0,0,4,13,6,1,0,2.846
CS 621,621,"Jiao, Lei",12,5,3,3,1,0,0,0,0,0,0,0,0,0,11,1,0,0,0,3.867
CS 621,621,"Wilson, Christopher",23,1,8,3,5,3,2,0,0,0,0,0,0,1,12,10,0,0,1,3.391
CS 630,630,"Durairajan, Ramakrishnan",20,3,4,4,2,5,0,0,0,0,0,1,0,1,11,7,0,1,1,3.27
CS 630,630,"Li, Jun",13,0,4,6,2,1,0,0,0,0,0,0,0,0,10,3,0,0,0,3.677
CS 631,631,"Malony, Allen",20,0,8,5,2,4,0,0,1,0,0,0,0,0,13,6,1,0,0,3.555
CS 632,632,"Durairajan, Ramakrishnan",10,2,1,1,3,0,0,0,2,0,0,0,0,1,4,3,2,0,1,2.96
CS 670,670,"Lowd, Daniel Baruch",59,2,22,13,7,9,4,0,0,0,0,0,0,2,37,20,0,0,2,3.475
